Time [s], liquid_level_reading
0,508
0,508
0,507
0,508
0.09,508
0.23,508
0.36,508
0.49,508
0.63,508
0.76,508
0.89,508
1.03,508
1.16,508
1.29,508
1.43,508
1.56,508
1.69,508
1.83,508
1.96,507
2.09,508
2.23,507
2.36,508
2.49,508
2.63,508
2.76,508
2.89,508
3.03,508
3.16,507
3.29,508
3.43,508
3.56,508
3.69,508
3.83,508
3.96,508
4.09,508
4.23,508
4.36,508
4.49,508
4.63,508
4.76,508
4.89,508
5.03,508
5.16,508
5.29,507
5.43,508
5.56,508
5.69,508
5.83,507
5.96,508
6.09,508
6.23,508
6.36,508
6.49,508
6.63,508
6.76,508
6.89,508
7.03,508
7.16,507
7.29,508
7.43,508
7.56,508
7.69,507
7.83,508
7.96,508
8.09,508
8.23,508
8.36,508
8.49,508
8.63,508
8.76,508
8.89,508
9.03,508
9.16,507
9.29,508
9.43,508
9.56,509
9.69,512
9.83,515
9.96,518
10.09,519
10.24,522
10.39,524
10.53,529
10.68,534
10.83,538
10.97,542
11.12,544
11.27,548
11.41,548
11.56,551
11.71,553
11.85,555
12,560
12.15,564
12.3,565
12.44,570
12.59,573
12.73,575
12.88,575
13.03,583
13.17,585
13.32,590
13.47,595
13.61,599
13.76,599
13.91,599
14.05,607
14.2,607
14.35,611
14.49,612
14.64,616
14.79,617
14.94,617
15.08,621
15.23,626
15.38,629
15.52,631
15.67,635
15.81,639
15.96,640
16.11,645
16.25,646
16.4,649
16.55,657
16.69,659
16.84,660
16.99,664
17.13,671
17.28,676
17.43,677
17.57,680
17.72,682
17.87,688
18.01,690
18.16,696
18.31,702
18.45,703
18.6,703
18.75,704
18.89,704
19.04,725
19.19,731
19.33,730
19.48,731
19.63,733
19.77,734
19.92,738
20.07,738
20.21,739
20.36,741
20.51,739
20.66,740
20.8,741
20.95,738
21.09,741
21.24,741
21.39,741
21.53,740
21.68,741
21.83,741
21.98,742
22.12,742
22.27,742
22.42,741
22.56,742
22.71,742
22.85,742
23,742
23.15,742
23.3,742
23.44,742
23.59,742
23.74,744
23.88,745
24.03,746
24.18,748
24.32,750
24.47,751
24.61,751
24.76,751
24.91,752
25.06,752
25.2,757
25.35,758
25.5,762
25.64,763
25.79,763
25.93,763
26.08,764
26.23,763
26.38,763
26.52,763
26.67,762
26.82,762
26.96,762
27.11,762
27.26,764
27.4,766
27.55,766
27.7,766
27.84,766
27.99,766
28.14,766
28.28,767
28.43,767
28.58,767
28.72,767
28.87,767
29.02,767
29.16,767
29.31,767
29.46,767
29.6,771
29.75,771
29.9,770
30.04,769
30.19,768
30.34,771
30.48,772
30.63,773
30.78,774
30.92,774
31.07,774
31.22,774
31.36,775
31.51,775
31.66,775
31.8,775
31.95,775
32.1,775
32.24,775
32.39,775
32.54,775
32.68,775
32.83,776
32.98,775
33.12,775
33.27,775
33.42,775
33.56,776
33.71,775
33.86,776
34,776
34.15,776
34.3,776
34.44,776
34.59,776
34.74,776
34.88,776
35.03,776
35.18,776
35.32,776
35.47,776
35.62,776
35.76,776
35.91,776
36.06,776
36.2,776
36.35,776
36.5,776
36.64,776
36.79,776
36.94,776
37.08,776
37.23,776
37.38,776
37.52,776
37.67,776
37.82,776
37.96,776
38.11,776
38.26,776
38.4,776
38.55,776
38.7,776
38.84,776
38.99,776
39.14,776
39.28,776
39.43,776
39.58,776
39.72,776
39.87,776
40.02,776
40.16,776
40.31,776
40.46,776
40.6,776
40.75,776
40.9,777
41.04,776
41.19,777
41.34,776
41.49,777
41.63,777
41.78,777
41.92,777
42.07,777
42.22,776
42.36,777
42.51,777
42.66,777
42.81,777
42.95,777
43.1,777
43.25,776
43.39,777
43.54,777
43.68,777
43.83,777
43.98,777
44.13,776
44.27,777
44.42,777
44.56,777
44.71,777
44.86,777
45.01,776
45.15,777
45.3,777
45.45,777
45.59,777
45.74,777
45.88,777
46.03,777
46.18,777
46.33,777
46.47,777
46.62,777
46.77,777
46.91,777
47.06,777
47.21,777
47.35,777
47.5,777
47.65,777
47.79,777
47.94,777
48.09,777
48.23,777
48.38,777
48.53,777
48.67,777
48.82,776
48.97,777
49.11,776
49.26,777
49.4,777
49.55,777
49.7,777
49.85,777
49.99,777
50.14,777
50.29,777
50.43,777
50.58,777
50.72,777
50.87,777
51.02,777
51.17,777
51.31,777
51.46,777
51.61,777
51.75,777
51.9,777
52.04,777
52.19,777
52.34,777
52.49,777
52.63,777
52.78,777
52.93,777
53.07,777
53.22,777
53.37,777
53.51,777
53.66,777
53.81,777
53.95,777
54.1,777
54.25,777
54.39,777
54.54,777
54.69,777
54.83,777
54.98,777
55.13,777
55.27,777
55.42,777
55.57,777
55.71,777
55.86,777
56.01,777
56.15,777
56.3,777
56.45,777
56.59,777
56.74,777
56.89,777
57.03,777
57.18,777
57.33,777
57.47,777
57.62,777
57.77,777
57.91,777
58.06,777
58.21,777
58.35,777
58.5,777
58.65,777
58.79,777
58.94,777
59.09,777
59.23,777
59.38,777
59.53,777
59.67,777
59.82,777
59.97,777
60.11,777
60.26,777
60.41,777
60.55,777
60.7,777
60.85,777
60.99,777
61.14,777
61.29,777
61.43,778
61.58,777
61.73,777
61.87,777
62.02,777
62.17,777
62.31,777
62.46,777
62.61,777
62.75,777
62.9,777
63.05,777
63.19,777
63.34,777
63.49,777
63.63,777
63.78,777
63.93,777
64.07,777
64.22,777
64.37,777
64.51,777
64.66,777
64.81,777
64.95,777
65.1,777
65.25,777
65.39,777
65.54,777
65.69,777
65.83,777
65.98,777
66.13,777
66.27,777
66.42,777
66.57,777
66.71,777
66.86,777
67.01,777
67.15,777
67.3,777
67.45,777
67.59,777
67.74,777
67.89,777
68.03,777
68.18,777
68.33,777
68.47,777
68.62,777
68.77,777
68.91,776
69.06,776
69.21,776
69.36,776
69.5,777
69.65,776
69.79,776
69.94,776
70.09,776
70.23,776
70.38,776
70.53,776
70.68,776
70.82,775
70.97,770
71.11,771
71.26,772
71.41,771
71.55,771
71.7,770
71.85,771
72,772
72.14,773
72.29,774
72.43,774
72.58,773
72.73,773
72.88,772
73.02,771
73.17,771
73.31,771
73.46,770
73.61,769
73.75,769
73.9,769
74.05,769
74.19,768
74.34,769
74.49,768
74.64,768
74.78,768
74.93,768
75.07,768
75.22,768
75.37,768
75.51,768
75.66,768
75.81,768
75.96,768
76.1,768
76.25,768
76.39,768
76.54,768
76.69,767
76.83,768
76.98,767
77.13,767
77.28,767
77.42,767
77.57,767
77.72,767
77.86,767
78.01,767
78.15,767
78.3,767
78.45,767
78.6,766
78.74,766
78.89,766
79.04,765
79.18,765
79.33,765
79.48,765
79.62,765
79.77,765
79.92,764
80.06,764
80.21,764
80.36,764
80.5,764
80.65,764
80.8,764
80.94,764
81.09,764
81.24,764
81.38,764
81.53,763
81.68,763
81.82,762
81.97,762
82.12,761
82.26,759
82.41,755
82.56,753
82.7,754
82.85,753
83,753
83.14,753
83.29,753
83.44,752
83.58,752
83.73,752
83.88,752
84.02,752
84.17,751
84.32,751
84.46,750
84.61,749
84.76,748
84.9,748
85.05,748
85.2,748
85.34,748
85.49,748
85.64,747
85.78,745
85.93,743
86.08,743
86.22,743
86.37,743
86.52,743
86.66,743
86.81,743
86.96,743
87.1,743
87.25,743
87.4,743
87.54,743
87.69,743
87.84,743
87.98,743
88.13,743
88.28,743
88.42,743
88.57,743
88.72,743
88.86,743
89.01,743
89.16,743
89.3,743
89.45,743
89.6,743
89.74,743
89.89,743
90.04,743
90.18,743
90.33,743
90.48,743
90.62,743
90.77,743
90.92,743
91.06,743
91.21,743
91.36,743
91.5,743
91.65,743
91.8,743
91.94,743
92.09,743
92.24,743
92.38,743
92.53,743
92.68,743
92.82,743
92.97,743
93.12,743
93.26,743
93.41,743
93.56,743
93.7,743
93.85,743
94,743
94.14,743
94.29,743
94.44,743
94.58,743
94.73,743
94.88,743
95.02,743
95.17,743
95.32,742
95.46,742
95.61,742
95.76,742
95.9,742
96.05,742
96.2,742
96.34,742
96.49,742
96.64,742
96.79,742
96.93,742
97.08,741
97.22,741
97.37,742
97.52,741
97.66,741
97.81,741
97.96,741
98.11,741
98.25,741
98.4,740
98.54,740
98.69,739
98.84,739
98.98,739
99.13,738
99.28,739
99.43,738
99.57,740
99.72,740
99.86,740
100.01,740
100.17,741
100.33,741
100.49,741
100.65,740
100.81,740
100.97,740
101.13,740
101.29,740
101.45,740
101.61,740
101.77,740
101.93,740
102.09,740
102.25,740
102.41,740
102.57,740
102.73,740
102.89,740
103.05,739
103.21,738
103.37,738
103.53,738
103.69,738
103.85,738
104.01,738
104.17,738
104.33,738
104.49,738
104.65,738
104.81,738
104.97,738
105.13,738
105.29,738
105.45,738
105.61,738
105.77,738
105.93,738
106.09,738
106.25,738
106.41,738
106.57,738
106.73,738
106.89,738
107.05,738
107.21,738
107.37,738
107.53,738
107.69,738
107.85,738
108.01,738
108.17,738
108.33,739
108.49,738
108.65,738
108.81,738
108.97,738
109.13,738
109.29,738
109.45,738
109.61,738
109.77,738
109.93,738
110.09,738
110.25,738
110.41,738
110.57,738
110.73,738
110.89,738
111.05,738
111.21,738
111.37,738
111.53,738
111.69,738
111.85,738
112.01,738
112.17,738
112.33,738
112.49,738
112.65,738
112.81,738
112.97,738
113.13,737
113.29,738
113.45,738
113.61,738
113.77,738
113.93,738
114.09,738
114.25,738
114.41,738
114.57,738
114.73,738
114.89,737
115.05,737
115.21,737
115.37,737
115.53,737
115.69,737
115.85,737
116.01,737
116.17,737
116.33,737
116.49,737
116.65,737
116.81,736
116.97,737
117.13,736
117.29,736
117.45,736
117.61,736
117.77,736
117.93,736
118.09,736
118.25,736
118.41,736
118.57,736
118.73,736
118.89,736
119.05,736
119.21,736
119.37,736
119.53,736
119.69,736
119.86,736
120.01,736
120.17,736
120.33,736
120.5,736
120.65,736
120.81,736
120.97,736
121.13,736
121.29,736
121.45,736
121.61,736
121.77,736
121.93,736
122.09,736
122.25,736
122.41,736
122.57,736
122.73,736
122.89,736
123.05,736
123.21,736
123.37,736
123.54,736
123.69,736
123.85,736
124.01,737
124.18,736
124.33,736
124.49,737
124.65,736
124.81,737
124.97,737
125.13,737
125.29,737
125.45,737
125.61,737
125.77,737
125.93,737
126.09,737
126.25,737
126.41,737
126.57,737
126.73,736
126.9,737
127.05,737
127.21,737
127.37,737
127.54,737
127.69,736
127.86,736
128.02,736
128.18,736
128.34,736
128.5,736
128.66,736
128.82,736
128.98,736
129.13,736
129.3,736
129.46,736
129.62,735
129.77,735
129.94,735
130.1,735
130.26,736
130.41,736
130.58,736
130.74,736
130.9,736
131.06,736
131.22,735
131.38,736
131.54,736
131.7,735
131.86,736
132.02,735
132.18,735
132.34,736
132.5,735
132.66,735
132.82,735
132.98,735
133.14,735
133.3,735
133.46,735
133.62,735
133.78,734
133.94,735
134.1,735
134.26,735
134.42,735
134.58,735
134.74,735
134.9,735
135.06,735
135.22,735
135.38,735
135.54,735
135.7,735
135.86,735
136.02,735
136.18,735
136.34,735
136.5,735
136.66,735
136.82,735
136.98,735
137.14,735
137.3,735
137.46,735
137.62,735
137.78,735
137.94,735
138.1,735
138.26,735
138.42,735
138.58,735
138.74,735
138.9,735
139.06,735
139.22,735
139.38,735
139.54,735
139.7,735
139.86,735
140.02,735
140.18,735
140.34,735
140.5,735
140.66,734
140.82,734
140.98,734
141.14,735
141.3,734
141.46,734
141.62,734
141.78,734
141.94,734
142.1,734
142.26,734
142.42,734
142.58,734
142.74,735
142.9,734
143.06,734
143.22,734
143.38,734
143.54,734
143.7,734
143.86,734
144.02,734
144.18,734
144.34,734
144.5,734
144.66,734
144.82,734
144.98,734
145.14,734
145.3,734
145.46,734
145.62,734
145.78,734
145.94,734
146.1,734
146.26,734
146.42,734
146.58,734
146.74,734
146.9,734
147.06,734
147.22,734
147.38,734
147.54,734
147.7,734
147.86,734
148.02,734
148.18,734
148.34,734
148.5,734
148.66,734
148.82,734
148.98,734
149.14,734
149.3,733
149.46,733
149.62,733
149.78,733
149.94,733
150.1,733
150.26,733
150.42,733
150.58,733
150.74,733
150.9,733
151.06,733
151.22,733
151.38,733
151.54,733
151.7,733
151.86,733
152.02,733
152.18,733
152.34,733
152.5,733
152.66,733
152.82,733
152.98,733
153.14,733
153.3,733
153.46,733
153.62,733
153.78,733
153.94,733
154.1,733
154.26,733
154.42,733
154.58,733
154.74,733
154.9,733
155.06,733
155.22,733
155.38,733
155.54,733
155.7,733
155.86,733
156.02,733
156.18,733
156.34,733
156.5,733
156.66,733
156.82,733
156.98,733
157.14,733
157.3,733
157.46,733
157.62,733
157.78,733
157.94,733
158.1,733
158.26,733
158.42,732
158.58,732
158.74,732
158.9,731
159.06,717
159.22,716
159.38,717
159.54,717
159.7,717
159.86,717
160.02,717
160.18,717
160.34,717
160.5,718
160.66,717
160.82,718
160.98,718
161.14,718
161.3,719
161.46,719
161.62,718
161.78,718
161.94,718
162.1,718
162.26,719
162.42,719
162.58,718
162.74,718
162.9,718
163.06,718
163.22,718
163.38,718
163.54,718
163.7,718
163.86,718
164.02,718
164.18,718
164.34,718
164.5,718
164.66,717
164.82,717
164.98,717
165.14,718
165.3,718
165.46,717
165.62,717
165.78,718
165.94,717
166.1,718
166.26,717
166.42,708
166.58,708
166.74,708
166.9,708
167.06,707
167.22,707
167.38,706
167.54,706
167.7,706
167.86,706
168.02,706
168.18,706
168.34,705
168.5,705
168.66,705
168.82,705
168.98,706
169.14,706
169.3,706
169.46,706
169.62,706
169.78,706
169.94,706
170.1,706
170.26,706
170.42,706
170.58,706
170.74,706
170.9,706
171.06,706
171.22,706
171.38,706
171.54,706
171.7,706
171.86,706
172.02,706
172.18,706
172.34,706
172.5,706
172.66,706
172.82,706
172.98,706
173.14,706
173.3,706
173.46,705
173.62,706
173.78,705
173.94,705
174.1,705
174.26,705
174.42,706
174.58,705
174.74,705
174.9,705
175.06,705
175.22,705
175.38,705
175.54,705
175.7,705
175.86,705
176.02,705
176.18,705
176.34,705
176.5,705
176.66,704
176.82,704
176.98,704
177.14,704
177.3,704
177.46,704
177.62,704
177.78,704
177.94,704
178.1,704
178.26,704
178.42,704
178.58,704
178.74,705
178.9,706
179.06,706
179.22,706
179.38,706
179.54,706
179.7,706
179.86,706
180.02,706
180.18,706
180.34,705
180.5,704
180.66,704
180.82,703
180.98,703
181.14,703
181.3,703
181.46,703
181.62,704
181.78,704
181.94,703
182.1,703
182.26,703
182.42,703
182.58,704
182.74,703
182.9,703
183.06,703
183.22,703
183.38,703
183.54,703
183.7,703
183.86,703
184.02,703
184.18,703
184.34,703
184.5,703
184.66,703
184.82,703
184.98,703
185.14,703
185.3,703
185.46,703
185.62,703
185.78,703
185.94,703
186.1,704
186.26,704
186.42,703
186.58,703
186.74,703
186.9,703
187.06,703
187.22,703
187.38,703
187.54,703
187.7,703
187.86,703
188.02,703
188.18,703
188.34,703
188.5,703
188.66,703
188.82,703
188.98,703
189.14,703
189.3,703
189.46,703
189.62,703
189.78,703
189.94,703
190.1,703
190.26,703
190.42,703
190.58,703
190.74,703
190.9,703
191.06,703
191.22,703
191.38,703
191.54,703
191.7,703
191.86,703
192.02,703
192.18,703
192.34,703
192.5,703
192.66,703
192.82,703
192.98,703
193.14,703
193.3,703
193.46,702
193.62,702
193.78,703
193.94,703
194.1,703
194.26,703
194.42,702
194.58,703
194.74,703
194.9,703
195.06,703
195.22,703
195.38,703
195.54,703
195.7,703
195.86,703
196.02,703
196.18,703
196.34,702
196.5,703
196.66,703
196.82,703
196.98,703
197.14,702
197.3,702
197.46,702
197.62,702
197.78,702
197.94,702
198.1,702
198.26,703
198.42,703
198.58,703
198.75,702
198.9,702
199.06,702
199.22,702
199.38,702
199.54,702
199.7,702
199.86,702
200.02,702
200.18,702
200.34,703
200.51,703
200.66,702
200.82,702
200.98,702
201.15,702
201.3,702
201.46,702
201.62,702
201.79,702
201.95,702
202.1,702
202.26,702
202.43,702
202.59,702
202.74,703
202.91,703
203.07,703
203.23,703
203.38,703
203.55,702
203.71,703
203.87,702
204.02,702
204.19,700
204.35,698
204.51,696
204.66,695
204.83,694
204.99,694
205.15,694
205.3,694
205.47,694
205.63,694
205.79,694
205.95,694
206.11,694
206.27,694
206.43,694
206.59,694
206.75,693
206.91,693
207.07,693
207.23,693
207.38,693
207.55,693
207.71,693
207.87,693
208.02,693
208.19,692
208.35,692
208.51,692
208.66,692
208.83,691
208.99,691
209.15,691
209.3,691
209.47,690
209.63,690
209.79,690
209.95,690
210.11,690
210.27,690
210.43,690
210.59,690
210.75,690
210.91,690
211.07,690
211.23,690
211.39,689
211.55,689
211.71,689
211.87,689
212.03,689
212.19,689
212.35,689
212.51,689
212.67,689
212.83,689
212.99,690
213.15,689
213.31,690
213.47,689
213.63,689
213.79,689
213.95,690
214.11,690
214.27,690
214.43,690
214.59,690
214.75,690
214.91,690
215.07,690
215.23,689
215.39,689
215.55,690
215.71,689
215.87,689
216.03,689
216.19,689
216.35,689
216.51,689
216.67,689
216.83,689
216.99,689
217.15,689
217.31,689
217.47,689
217.63,689
217.79,689
217.95,689
218.11,689
218.27,689
218.43,689
218.59,688
218.75,689
218.91,688
219.07,688
219.23,688
219.39,688
219.55,688
219.71,688
219.87,688
220.03,688
220.19,688
220.35,688
220.51,688
220.67,688
220.83,688
220.99,688
221.15,688
221.31,688
221.47,688
221.63,688
221.79,688
221.95,688
222.11,688
222.27,688
222.43,688
222.59,688
222.75,688
222.91,688
223.07,688
223.23,688
223.39,688
223.55,688
223.71,688
223.87,688
224.03,688
224.19,688
224.35,688
224.51,688
224.67,688
224.83,688
224.99,688
225.15,688
225.31,688
225.47,688
225.63,688
225.79,688
225.95,688
226.11,687
226.27,688
226.43,688
226.59,688
226.75,688
226.91,688
227.07,688
227.23,688
227.39,688
227.55,688
227.71,688
227.87,688
228.03,688
228.19,688
228.35,688
228.51,688
228.67,688
228.83,688
228.99,688
229.15,688
229.31,688
229.47,688
229.63,688
229.79,688
229.95,688
230.11,688
230.27,687
230.43,687
230.59,687
230.75,687
230.91,687
231.07,687
231.23,687
231.39,687
231.55,687
231.71,687
231.87,687
232.03,687
232.19,687
232.35,686
232.51,687
232.67,687
232.83,687
232.99,686
233.15,687
233.31,686
233.47,686
233.63,687
233.79,687
233.95,687
234.11,687
234.27,686
234.43,687
234.59,686
234.75,686
234.91,687
235.07,687
235.23,687
235.39,687
235.55,687
235.71,687
235.87,687
236.03,687
236.19,686
236.35,687
236.51,687
236.67,686
236.83,686
236.99,686
237.15,686
237.31,686
237.47,686
237.63,686
237.79,686
237.95,686
238.11,686
238.27,686
238.43,686
238.59,686
238.75,686
238.91,686
239.07,686
239.23,686
239.39,686
239.55,686
239.71,686
239.87,686
240.03,686
240.19,686
240.35,686
240.51,686
240.67,686
240.83,686
240.99,686
241.15,686
241.31,686
241.47,686
241.63,686
241.79,686
241.95,686
242.11,685
242.27,686
242.43,686
242.59,685
242.75,685
242.91,684
243.07,682
243.23,682
243.39,682
243.55,681
243.71,681
243.87,682
244.03,681
244.19,681
244.35,681
244.51,681
244.67,681
244.83,681
244.99,681
245.15,681
245.31,681
245.47,681
245.63,681
245.79,681
245.95,681
246.11,681
246.27,681
246.43,681
246.59,681
246.75,681
246.91,681
247.07,681
247.23,681
247.39,681
247.55,681
247.71,681
247.87,681
248.03,681
248.19,681
248.35,681
248.51,681
248.67,681
248.83,681
248.99,681
249.15,681
249.31,680
249.47,681
249.63,681
249.79,681
249.95,681
250.11,681
250.27,680
250.43,680
250.59,680
250.75,680
250.91,680
251.07,680
251.23,680
251.39,680
251.55,680
251.71,680
251.87,679
252.03,679
252.19,679
252.35,679
252.51,679
252.67,675
252.83,675
252.99,675
253.15,675
253.31,675
253.47,675
253.63,675
253.79,675
253.95,675
254.11,675
254.27,674
254.43,674
254.59,674
254.75,674
254.91,674
255.07,674
255.23,675
255.39,675
255.55,674
255.71,674
255.87,674
256.03,674
256.19,674
256.35,674
256.51,674
256.67,674
256.83,674
256.99,674
257.15,674
257.31,673
257.47,673
257.63,673
257.79,673
257.95,673
258.11,673
258.27,673
258.43,673
258.59,673
258.75,673
258.91,673
259.07,673
259.23,673
259.39,674
259.55,674
259.71,674
259.87,674
260.03,674
260.19,674
260.35,673
260.51,674
260.67,674
260.83,673
260.99,673
261.15,673
261.31,673
261.47,672
261.63,672
261.79,672
261.95,672
262.11,672
262.27,672
262.43,672
262.59,672
262.75,672
262.91,672
263.07,672
263.23,672
263.39,672
263.55,672
263.71,672
263.87,672
264.03,672
264.19,672
264.35,672
264.51,672
264.67,672
264.83,672
264.99,672
265.15,672
265.31,671
265.47,671
265.63,672
265.79,671
265.95,671
266.11,671
266.27,670
266.43,670
266.59,670
266.75,670
266.91,670
267.07,670
267.23,670
267.39,669
267.55,669
267.71,670
267.87,669
268.03,670
268.19,670
268.35,670
268.51,670
268.67,670
268.83,670
268.99,670
269.15,670
269.31,670
269.47,670
269.63,670
269.79,670
269.95,670
270.11,670
270.27,670
270.43,669
270.59,669
270.75,669
270.91,669
271.07,669
271.23,669
271.39,669
271.55,668
271.71,668
271.87,668
272.03,668
272.19,668
272.35,668
272.51,668
272.67,668
272.83,668
272.99,668
273.15,668
273.31,668
273.47,668
273.63,668
273.79,668
273.95,668
274.11,668
274.27,668
274.43,668
274.59,667
274.75,668
274.91,668
275.07,667
275.23,667
275.39,667
275.55,667
275.71,667
275.87,667
276.03,667
276.19,667
276.35,667
276.51,667
276.67,667
276.83,667
276.99,667
277.15,667
277.31,667
277.47,667
277.63,667
277.79,667
277.95,667
278.11,667
278.27,667
278.43,667
278.59,667
278.75,667
278.92,667
279.07,667
279.23,667
279.39,667
279.55,667
279.71,667
279.87,667
280.03,667
280.2,667
280.35,667
280.51,667
280.67,667
280.83,667
280.99,667
281.15,667
281.32,667
281.48,667
281.63,667
281.79,667
281.95,667
282.11,667
282.27,667
282.44,667
282.6,667
282.76,667
282.91,667
283.08,667
283.23,667
283.39,667
283.55,667
283.72,667
283.88,667
284.04,667
284.19,667
284.36,667
284.52,667
284.67,667
284.83,667
285,667
285.16,667
285.32,667
285.48,667
285.64,667
285.8,667
285.95,667
286.11,667
286.27,667
286.44,667
286.6,667
286.76,667
286.92,667
287.08,667
287.24,667
287.39,667
287.55,667
287.72,667
287.88,667
288.04,667
288.2,667
288.36,667
288.52,667
288.67,667
288.83,667
289,667
289.16,667
289.32,666
289.48,667
289.64,666
289.8,666
289.95,666
290.11,666
290.28,665
290.44,665
290.6,665
290.76,665
290.92,665
291.08,665
291.23,665
291.4,665
291.56,665
291.72,665
291.88,665
292.04,665
292.2,665
292.36,665
292.52,665
292.68,665
292.84,665
293,665
293.16,665
293.32,665
293.48,665
293.64,665
293.8,665
293.96,665
294.12,666
294.28,666
294.44,665
294.6,665
294.76,665
294.92,666
295.08,665
295.24,665
295.4,665
295.56,665
295.72,665
295.88,665
296.04,665
296.2,666
296.36,665
296.52,666
296.68,666
296.84,665
297,666
297.16,666
297.32,666
297.48,666
297.64,665
297.8,666
297.96,665
298.12,665
298.28,665
298.44,665
298.6,665
298.76,665
298.92,664
299.08,664
299.24,664
299.4,664
299.56,664
299.72,664
299.88,664
300.04,664
300.2,663
300.36,663
300.52,663
300.68,663
300.84,663
301,663
301.16,663
301.32,663
301.48,663
301.64,663
301.8,663
301.96,663
302.12,663
302.28,662
302.44,663
302.6,663
302.76,663
302.92,663
303.08,662
303.24,662
303.4,662
303.56,663
303.72,663
303.88,663
304.04,663
304.2,663
304.36,663
304.52,664
304.68,664
304.84,664
305,664
305.16,664
305.32,664
305.48,663
305.64,663
305.8,663
305.96,663
306.12,663
306.28,659
306.44,658
306.6,658
306.76,658
306.92,658
307.08,657
307.24,657
307.4,657
307.56,657
307.72,657
307.88,657
308.04,657
308.2,657
308.36,657
308.52,657
308.68,657
308.84,657
309,657
309.16,657
309.32,657
309.48,657
309.64,657
309.8,656
309.96,657
310.12,656
310.28,657
310.44,656
310.6,657
310.76,656
310.92,656
311.08,656
311.24,656
311.4,656
311.56,656
311.72,656
311.88,656
312.04,655
312.2,655
312.36,656
312.52,655
312.68,656
312.84,655
313,656
313.16,655
313.32,655
313.48,654
313.64,654
313.8,654
313.96,654
314.12,654
314.28,654
314.44,654
314.6,654
314.76,654
314.92,653
315.08,653
315.24,652
315.4,652
315.56,652
315.72,651
315.88,651
316.04,651
316.2,651
316.36,651
316.52,652
316.68,655
316.84,651
317,650
317.16,650
317.32,650
317.48,651
317.64,650
317.8,650
317.96,649
318.12,649
318.28,649
318.44,648
318.6,648
318.76,648
318.92,647
319.08,648
319.24,647
319.4,647
319.56,647
319.72,647
319.88,647
320.04,647
320.2,647
320.36,647
320.52,647
320.68,647
320.84,648
321,647
321.16,647
321.32,647
321.48,647
321.64,647
321.8,647
321.96,646
322.12,646
322.28,646
322.44,646
322.6,646
322.76,646
322.92,645
323.08,646
323.24,645
323.4,645
323.56,646
323.72,645
323.88,645
324.04,645
324.2,645
324.36,646
324.52,645
324.68,645
324.84,645
325,645
325.16,645
325.32,645
325.48,645
325.64,645
325.8,645
325.96,645
326.12,645
326.28,645
326.44,645
326.6,645
326.76,645
326.92,645
327.08,645
327.24,645
327.4,645
327.56,645
327.72,645
327.88,645
328.04,645
328.2,644
328.36,645
328.52,645
328.68,645
328.84,645
329,645
329.16,645
329.32,645
329.48,645
329.64,645
329.8,645
329.96,645
330.12,645
330.28,645
330.44,645
330.6,644
330.76,645
330.92,645
331.08,644
331.24,644
331.4,645
331.56,645
331.72,645
331.88,644
332.04,644
332.2,644
332.36,644
332.52,644
332.68,644
332.84,645
333,645
333.16,645
333.32,645
333.48,645
333.64,645
333.8,645
333.96,644
334.12,645
334.28,644
334.44,645
334.6,645
334.76,645
334.92,645
335.08,646
335.24,646
335.4,646
335.56,646
335.72,646
335.88,646
336.04,646
336.2,646
336.36,646
336.52,646
336.68,646
336.84,646
337,646
337.16,646
337.32,646
337.48,646
337.64,646
337.8,646
337.96,646
338.12,646
338.28,646
338.44,646
338.6,646
338.76,646
338.92,646
339.08,646
339.24,646
339.4,646
339.56,645
339.72,645
339.88,645
340.04,645
340.2,645
340.36,645
340.52,646
340.68,645
340.84,645
341,645
341.16,645
341.32,645
341.48,645
341.64,645
341.8,645
341.96,645
342.12,645
342.28,645
342.44,645
342.6,645
342.76,645
342.92,644
343.08,644
343.24,644
343.4,644
343.56,643
343.72,643
343.88,642
344.04,642
344.2,642
344.36,642
344.52,642
344.68,642
344.84,642
345,642
345.16,642
345.32,642
345.48,642
345.64,642
345.8,642
345.96,641
346.12,642
346.28,642
346.44,642
346.6,641
346.76,642
346.92,641
347.08,642
347.24,642
347.4,642
347.56,641
347.72,642
347.88,641
348.04,641
348.2,642
348.36,642
348.52,642
348.68,642
348.84,642
349,642
349.16,642
349.32,642
349.48,642
349.64,642
349.8,642
349.96,642
350.12,642
350.28,642
350.44,642
350.6,642
350.76,641
350.92,641
351.08,641
351.24,641
351.4,641
351.56,641
351.72,642
351.88,642
352.04,642
352.2,642
352.36,642
352.52,642
352.68,642
352.84,642
353,642
353.16,642
353.32,642
353.48,642
353.64,642
353.8,642
353.96,642
354.12,642
354.28,642
354.44,642
354.6,642
354.76,642
354.92,642
355.08,642
355.24,642
355.4,642
355.56,642
355.72,642
355.88,642
356.04,642
356.2,642
356.36,642
356.52,642
356.68,642
356.84,641
357,641
357.16,641
357.32,641
357.48,641
357.64,642
357.8,641
357.96,642
358.12,642
358.28,642
358.45,641
358.6,640
358.76,640
358.92,640
359.08,640
359.24,640
359.4,640
359.56,640
359.73,640
359.88,640
360.04,640
360.2,640
360.36,640
360.52,640
360.68,640
360.85,640
361.01,640
361.16,640
361.32,640
361.48,640
361.64,640
361.8,640
361.96,640
362.13,640
362.29,639
362.44,639
362.61,637
362.77,636
362.92,636
363.08,636
363.25,636
363.41,636
363.57,635
363.72,635
363.89,635
364.05,634
364.2,633
364.36,634
364.52,634
364.69,634
364.85,634
365.01,634
365.17,634
365.33,634
365.48,634
365.64,634
365.8,634
365.97,634
366.13,633
366.29,633
366.45,633
366.61,633
366.77,633
366.92,633
367.08,633
367.25,634
367.41,634
367.57,634
367.73,634
367.89,634
368.05,634
368.2,634
368.36,634
368.53,634
368.69,634
368.85,633
369.01,634
369.17,634
369.33,634
369.48,634
369.64,634
369.81,633
369.97,633
370.13,633
370.29,634
370.45,633
370.61,633
370.77,633
370.93,633
371.09,633
371.25,633
371.41,633
371.57,633
371.73,633
371.89,633
372.05,633
372.21,633
372.37,633
372.53,633
372.69,633
372.85,633
373.01,633
373.17,633
373.33,633
373.49,633
373.65,632
373.81,632
373.97,632
374.13,632
374.29,633
374.45,632
374.61,633
374.77,633
374.93,633
375.09,633
375.25,633
375.41,633
375.57,633
375.73,633
375.89,633
376.05,633
376.21,633
376.37,633
376.53,633
376.69,633
376.85,633
377.01,633
377.17,633
377.33,633
377.49,633
377.65,633
377.81,633
377.97,633
378.13,633
378.29,632
378.45,633
378.61,632
378.77,632
378.93,632
379.09,632
379.25,632
379.41,632
379.57,632
379.73,632
379.89,632
380.05,632
380.21,632
380.37,632
380.53,632
380.69,632
380.85,632
381.01,632
381.17,631
381.33,632
381.49,632
381.65,632
381.81,631
381.97,632
382.13,632
382.29,632
382.45,632
382.61,631
382.77,631
382.93,631
383.09,631
383.25,631
383.41,632
383.57,631
383.73,631
383.89,631
384.05,631
384.21,631
384.37,631
384.53,631
384.69,631
384.85,631
385.01,631
385.17,631
385.33,631
385.49,631
385.65,631
385.81,631
385.97,631
386.13,631
386.29,631
386.45,631
386.61,631
386.77,630
386.93,630
387.09,630
387.25,630
387.41,631
387.57,630
387.73,631
387.89,631
388.05,631
388.21,630
388.37,630
388.53,630
388.69,631
388.85,630
389.01,630
389.17,630
389.33,631
389.49,631
389.65,630
389.81,630
389.97,627
390.13,627
390.29,627
390.45,627
390.61,627
390.77,626
390.93,626
391.09,626
391.25,626
391.41,626
391.57,626
391.73,626
391.89,626
392.05,626
392.21,626
392.37,626
392.53,626
392.69,626
392.85,625
393.01,626
393.17,625
393.33,625
393.49,626
393.65,626
393.81,625
393.97,625
394.13,625
394.29,625
394.45,625
394.61,625
394.77,625
394.93,625
395.09,625
395.25,625
395.41,625
395.57,625
395.73,625
395.89,624
396.05,624
396.21,624
396.37,624
396.53,624
396.69,624
396.85,624
397.01,624
397.17,624
397.33,624
397.49,624
397.65,624
397.81,624
397.97,624
398.13,623
398.29,623
398.45,623
398.61,623
398.77,623
398.93,623
399.09,623
399.25,623
399.41,623
399.57,623
399.73,623
399.89,623
400.05,623
400.21,623
400.37,623
400.53,623
400.69,623
400.85,623
401.01,623
401.17,623
401.33,623
401.49,623
401.65,623
401.81,623
401.97,623
402.13,623
402.29,623
402.45,623
402.61,623
402.77,623
402.93,623
403.09,623
403.25,623
403.41,623
403.57,623
403.73,623
403.89,623
404.05,623
404.21,622
404.37,622
404.53,621
404.69,621
404.85,621
405.01,621
405.17,621
405.33,621
405.49,621
405.65,621
405.81,621
405.97,621
406.13,621
406.29,621
406.45,621
406.61,621
406.77,621
406.93,621
407.09,621
407.25,621
407.41,621
407.57,621
407.73,621
407.89,621
408.05,621
408.21,621
408.37,620
408.53,619
408.69,619
408.85,619
409.01,619
409.17,619
409.33,619
409.49,619
409.65,619
409.81,619
409.97,619
410.13,619
410.29,619
410.45,619
410.61,619
410.77,619
410.93,619
411.09,619
411.25,619
411.41,619
411.57,619
411.73,619
411.89,619
412.05,619
412.21,619
412.37,619
412.53,619
412.69,619
412.85,619
413.01,619
413.17,618
413.33,618
413.49,618
413.65,618
413.81,618
413.97,618
414.13,618
414.29,618
414.45,618
414.61,618
414.77,618
414.93,618
415.09,618
415.25,618
415.41,618
415.57,618
415.73,618
415.89,618
416.05,618
416.21,618
416.37,618
416.53,618
416.69,618
416.85,618
417.01,618
417.17,618
417.33,618
417.49,618
417.65,619
417.81,619
417.97,619
418.13,619
418.29,619
418.45,619
418.61,619
418.77,619
418.93,619
419.09,620
419.25,620
419.41,620
419.57,620
419.73,620
419.89,620
420.05,620
420.21,620
420.37,620
420.53,620
420.69,620
420.85,620
421.01,620
421.17,620
421.33,620
421.49,620
421.65,620
421.81,620
421.97,620
422.13,620
422.29,620
422.45,620
422.61,620
422.77,620
422.93,620
423.09,620
423.25,620
423.41,620
423.57,620
423.73,620
423.89,620
424.05,620
424.21,620
424.37,620
424.53,619
424.69,620
424.85,619
425.01,619
425.17,619
425.33,619
425.49,618
425.65,618
425.81,618
425.97,618
426.13,618
426.29,618
426.45,619
426.61,619
426.77,619
426.93,619
427.09,619
427.25,619
427.41,619
427.57,619
427.73,619
427.89,618
428.05,617
428.21,616
428.37,616
428.53,616
428.69,616
428.85,616
429.01,616
429.17,616
429.33,616
429.49,616
429.65,616
429.81,616
429.97,616
430.13,616
430.29,616
430.45,616
430.61,616
430.77,616
430.93,616
431.09,616
431.25,616
431.41,616
431.57,616
431.73,616
431.89,616
432.05,616
432.21,616
432.37,616
432.53,616
432.69,616
432.85,615
433.01,616
433.17,616
433.33,616
433.49,616
433.65,616
433.81,616
433.97,616
434.13,616
434.29,616
434.45,616
434.61,616
434.77,616
434.93,616
435.09,616
435.25,616
435.41,615
435.57,615
435.73,616
435.89,615
436.05,615
436.21,615
436.37,615
436.53,615
436.69,614
436.85,614
437.01,614
437.17,614
437.33,614
437.49,614
437.65,614
437.81,615
437.97,616
438.13,616
438.29,616
438.45,616
438.61,616
438.77,616
438.93,616
439.09,616
439.26,617
439.41,616
439.57,616
439.73,616
439.89,616
440.05,616
440.21,614
440.38,613
440.54,613
440.69,613
440.85,613
441.02,613
441.17,613
441.33,613
441.49,613
441.66,613
441.82,613
441.97,613
442.14,613
442.3,613
442.45,613
442.61,613
442.77,613
442.94,613
443.1,613
443.25,613
443.42,613
443.58,613
443.73,613
443.89,613
444.05,613
444.22,613
444.38,613
444.54,613
444.7,613
444.86,613
445.02,613
445.17,613
445.33,613
445.5,613
445.66,613
445.82,613
445.98,613
446.14,613
446.3,613
446.45,613
446.61,613
446.77,613
446.94,613
447.1,613
447.26,613
447.42,613
447.58,613
447.73,612
447.89,613
448.05,612
448.22,612
448.38,612
448.54,612
448.7,612
448.86,612
449.02,611
449.17,611
449.34,610
449.5,610
449.66,611
449.82,611
449.98,610
450.14,610
450.3,610
450.46,610
450.62,610
450.78,610
450.94,610
451.1,609
451.26,610
451.42,609
451.58,609
451.74,609
451.9,609
452.06,609
452.22,610
452.38,610
452.54,609
452.7,609
452.86,610
453.02,611
453.18,610
453.34,609
453.5,609
453.66,609
453.82,610
453.98,609
454.14,609
454.3,609
454.46,609
454.62,609
454.78,609
454.94,609
455.1,609
455.26,609
455.42,609
455.58,609
455.74,609
455.9,609
456.06,609
456.22,609
456.38,609
456.54,609
456.7,609
456.86,609
457.02,609
457.18,609
457.34,609
457.5,608
457.66,608
457.82,609
457.98,608
458.14,609
458.3,608
458.46,608
458.62,608
458.78,608
458.94,608
459.1,608
459.26,608
459.42,608
459.58,608
459.74,608
459.9,608
460.06,608
460.22,608
460.38,608
460.54,608
460.7,608
460.86,608
461.02,608
461.18,608
461.34,608
461.5,608
461.66,608
461.82,608
461.98,608
462.14,608
462.3,608
462.46,608
462.62,608
462.78,608
462.94,608
463.1,608
463.26,608
463.42,608
463.58,608
463.74,608
463.9,608
464.06,608
464.22,608
464.38,608
464.54,608
464.7,608
464.86,608
465.02,608
465.18,608
465.34,608
465.5,608
465.66,608
465.82,608
465.98,608
466.14,608
466.3,608
466.46,608
466.62,608
466.78,608
466.94,608
467.1,608
467.26,608
467.42,608
467.58,608
467.74,608
467.9,608
468.06,608
468.22,608
468.38,608
468.54,608
468.7,608
468.86,608
469.02,608
469.18,608
469.34,608
469.5,607
469.66,608
469.82,608
469.98,608
470.14,608
470.3,607
470.46,608
470.62,607
470.78,607
470.94,607
471.1,607
471.26,607
471.42,607
471.58,607
471.74,607
471.9,607
472.06,607
472.22,607
472.38,607
472.54,607
472.7,607
472.86,607
473.02,607
473.18,607
473.34,607
473.5,607
473.66,607
473.82,607
473.98,607
474.14,607
474.3,607
474.46,607
474.62,607
474.78,607
474.94,607
475.1,607
475.26,607
475.42,607
475.58,607
475.74,607
475.9,607
476.06,607
476.22,607
476.38,607
476.54,607
476.7,607
476.86,607
477.02,607
477.18,607
477.34,607
477.5,607
477.66,607
477.82,607
477.98,607
478.14,607
478.3,607
478.46,607
478.62,607
478.78,607
478.94,607
479.1,607
479.26,606
479.42,606
479.58,606
479.74,606
479.9,606
480.06,606
480.22,605
480.38,603
480.54,603
480.7,603
480.86,602
481.02,602
481.18,602
481.34,602
481.5,602
481.66,602
481.82,602
481.98,602
482.14,602
482.3,602
482.46,602
482.62,602
482.78,602
482.94,602
483.1,602
483.26,602
483.42,602
483.58,602
483.74,602
483.9,602
484.06,602
484.22,602
484.38,602
484.54,601
484.7,601
484.86,601
485.02,601
485.18,601
485.34,601
485.5,601
485.66,601
485.82,601
485.98,601
486.14,601
486.3,601
486.46,601
486.62,601
486.78,601
486.94,601
487.1,601
487.26,601
487.42,601
487.58,601
487.74,601
487.9,601
488.06,601
488.22,601
488.38,601
488.54,601
488.7,601
488.86,601
489.02,601
489.18,601
489.34,601
489.5,601
489.66,601
489.82,601
489.98,601
490.14,601
490.3,601
490.46,601
490.62,601
490.78,601
490.94,601
491.1,601
491.26,601
491.42,601
491.58,601
491.74,601
491.9,601
492.06,601
492.22,601
492.38,601
492.54,601
492.7,602
492.86,601
493.02,602
493.18,602
493.34,602
493.5,602
493.66,602
493.82,602
493.98,602
494.14,602
494.3,602
494.46,602
494.62,602
494.78,602
494.94,602
495.1,602
495.26,602
495.42,602
495.58,602
495.74,602
495.9,602
496.06,602
496.22,602
496.38,601
496.54,601
496.7,601
496.86,601
497.02,601
497.18,601
497.34,601
497.5,601
497.66,601
497.82,601
497.98,601
498.14,601
498.3,601
498.46,601
498.62,601
498.78,601
498.94,601
499.1,601
499.26,601
499.42,601
499.58,601
499.74,601
499.9,601
500.06,601
500.22,601
500.38,600
500.54,601
500.7,601
500.86,601
501.02,601
501.18,601
501.34,601
501.5,601
501.66,600
501.82,601
501.98,601
502.14,601
502.3,601
502.46,601
502.62,601
502.78,601
502.94,601
503.1,601
503.26,601
503.42,601
503.58,601
503.74,601
503.9,601
504.06,601
504.22,601
504.38,601
504.54,601
504.7,601
504.86,601
505.02,601
505.18,601
505.34,601
505.5,601
505.66,601
505.82,601
505.98,601
506.14,601
506.3,600
506.46,600
506.62,600
506.78,600
506.94,600
507.1,600
507.26,600
507.42,600
507.58,600
507.74,600
507.9,600
508.06,600
508.22,600
508.38,600
508.54,601
508.7,600
508.86,600
509.02,600
509.18,600
509.34,600
509.5,600
509.66,600
509.82,600
509.98,600
510.14,600
510.3,600
510.46,600
510.62,600
510.78,600
510.94,600
511.1,600
511.26,600
511.42,600
511.58,600
511.74,600
511.9,600
512.06,600
512.22,600
512.38,600
512.54,600
512.7,600
512.86,600
513.02,600
513.18,600
513.34,600
513.5,600
513.66,600
513.82,600
513.98,600
514.14,600
514.3,600
514.46,600
514.62,600
514.78,600
514.94,600
515.1,600
515.26,599
515.42,599
515.58,599
515.74,599
515.9,599
516.06,599
516.22,599
516.38,599
516.54,599
516.7,599
516.86,599
517.02,599
517.18,599
517.34,599
517.5,599
517.66,599
517.82,599
517.98,599
518.15,599
518.3,599
518.46,599
518.62,599
518.78,599
518.94,599
519.1,599
519.26,599
519.42,598
519.58,599
519.74,599
519.9,598
520.07,599
520.22,599
520.38,599
520.54,598
520.71,598
520.86,598
521.02,598
521.19,598
521.34,598
521.5,598
521.66,598
521.83,598
521.98,598
522.14,598
522.3,598
522.47,598
522.63,598
522.78,598
522.95,598
523.1,598
523.27,597
523.42,597
523.59,597
523.75,597
523.91,597
524.07,598
524.22,597
524.39,598
524.54,597
524.71,597
524.86,597
525.03,596
525.19,596
525.34,596
525.51,597
525.66,597
525.83,597
525.98,597
526.15,596
526.3,595
526.47,595
526.63,596
526.78,595
526.95,595
527.11,595
527.27,595
527.42,595
527.59,595
527.75,595
527.91,595
528.07,595
528.23,595
528.39,595
528.54,595
528.71,595
528.87,595
529.03,595
529.19,595
529.34,595
529.51,595
529.67,596
529.83,595
529.98,595
530.15,595
530.31,595
530.47,595
530.63,595
530.79,595
530.95,595
531.1,595
531.27,595
531.43,595
531.59,595
531.75,595
531.91,595
532.07,595
532.23,595
532.39,595
532.55,594
532.71,594
532.87,594
533.03,594
533.19,594
533.35,594
533.51,594
533.67,594
533.83,594
533.99,594
534.15,594
534.31,593
534.47,593
534.63,593
534.79,593
534.95,593
535.11,593
535.27,593
535.43,593
535.59,593
535.75,593
535.91,593
536.07,593
536.23,593
536.39,592
536.55,593
536.71,593
536.87,592
537.03,593
537.19,592
537.35,592
537.51,592
537.67,592
537.83,592
537.99,592
538.15,592
538.31,592
538.47,592
538.63,592
538.79,592
538.95,592
539.11,592
539.27,592
539.43,591
539.59,591
539.75,592
539.91,592
540.07,593
540.23,593
540.39,593
540.55,593
540.71,592
540.87,593
541.03,593
541.19,593
541.35,593
541.51,593
541.67,593
541.83,593
541.99,593
542.15,593
542.31,593
542.47,592
542.63,593
542.79,593
542.95,593
543.11,593
543.27,593
543.43,592
543.59,593
543.75,593
543.91,592
544.07,592
544.23,592
544.39,591
544.55,591
544.71,591
544.87,591
545.03,591
545.19,591
545.35,591
545.51,591
545.67,591
545.83,591
545.99,591
546.15,591
546.31,591
546.47,590
546.63,590
546.79,590
546.95,590
547.11,590
547.27,590
547.43,590
547.59,589
547.75,589
547.91,589
548.07,589
548.23,589
548.39,589
548.55,589
548.71,589
548.87,589
549.03,589
549.19,588
549.35,588
549.51,588
549.67,588
549.83,588
549.99,588
550.15,588
550.31,587
550.47,587
550.63,587
550.79,587
550.95,587
551.11,587
551.27,587
551.43,587
551.59,587
551.75,587
551.91,587
552.07,587
552.23,587
552.39,587
552.55,587
552.71,587
552.87,587
553.03,587
553.19,587
553.35,586
553.51,586
553.67,587
553.83,586
553.99,586
554.15,587
554.31,587
554.47,586
554.63,586
554.79,586
554.95,586
555.11,586
555.27,586
555.43,586
555.59,586
555.75,586
555.91,586
556.07,586
556.23,586
556.39,586
556.55,586
556.71,586
556.87,586
557.03,586
557.19,586
557.35,586
557.51,586
557.67,586
557.83,586
557.99,586
558.15,586
558.31,585
558.47,585
558.63,585
558.79,585
558.95,585
559.11,585
559.27,585
559.43,585
559.59,584
559.75,584
559.91,584
560.07,584
560.23,584
560.39,584
560.55,584
560.71,584
560.87,584
561.03,585
561.19,584
561.35,584
561.51,584
561.67,585
561.83,584
561.99,585
562.15,584
562.31,584
562.47,584
562.63,584
562.79,584
562.95,585
563.11,584
563.27,584
563.43,584
563.59,584
563.75,584
563.91,584
564.07,584
564.23,584
564.39,584
564.55,584
564.71,584
564.87,584
565.03,584
565.19,583
565.35,583
565.51,583
565.67,583
565.83,583
565.99,584
566.15,584
566.31,584
566.47,584
566.63,584
566.79,584
566.95,584
567.11,584
567.27,584
567.43,584
567.59,584
567.75,584
567.91,584
568.07,584
568.23,584
568.39,584
568.55,584
568.71,584
568.87,584
569.03,584
569.19,584
569.35,584
569.51,584
569.67,584
569.83,584
569.99,584
570.15,584
570.31,584
570.47,584
570.63,584
570.79,584
570.95,584
571.11,584
571.27,583
571.43,583
571.59,582
571.75,580
571.91,580
572.07,580
572.23,580
572.39,580
572.55,580
572.71,580
572.87,580
573.03,579
573.19,579
573.35,579
573.51,579
573.67,580
573.83,580
573.99,579
574.15,580
574.31,580
574.47,579
574.63,579
574.79,579
574.95,579
575.11,579
575.27,578
575.43,578
575.59,578
575.75,577
575.91,577
576.07,577
576.23,577
576.39,577
576.55,577
576.71,577
576.87,577
577.03,577
577.19,577
577.35,577
577.51,577
577.67,577
577.83,577
577.99,577
578.15,576
578.31,576
578.47,576
578.63,576
578.79,576
578.95,576
579.11,576
579.27,576
579.43,576
579.59,576
579.75,576
579.91,576
580.07,576
580.23,576
580.39,576
580.55,576
580.71,576
580.87,576
581.03,576
581.19,576
581.35,576
581.51,576
581.67,576
581.83,576
581.99,576
582.15,576
582.31,576
582.47,576
582.63,576
582.79,576
582.95,576
583.11,576
583.27,576
583.43,576
583.59,576
583.75,576
583.91,576
584.07,576
584.23,575
584.39,576
584.55,576
584.71,576
584.87,576
585.03,576
585.19,576
585.35,576
585.51,575
585.67,575
585.83,575
585.99,575
586.15,575
586.31,575
586.47,575
586.63,575
586.79,575
586.95,575
587.11,575
587.27,575
587.43,575
587.59,575
587.75,575
587.91,575
588.07,575
588.23,575
588.39,575
588.55,575
588.71,575
588.87,575
589.03,575
589.19,575
589.35,575
589.51,575
589.67,575
589.83,575
589.99,575
590.15,575
590.31,575
590.47,575
590.63,575
590.79,575
590.95,575
591.11,575
591.27,575
591.43,575
591.59,575
591.75,575
591.91,575
592.07,575
592.23,575
592.39,575
592.55,575
592.71,575
592.87,575
593.03,575
593.19,575
593.35,575
593.51,575
593.67,575
593.83,575
593.99,575
594.15,575
594.31,575
594.47,575
594.63,575
594.79,575
594.95,575
595.11,575
595.27,575
595.43,575
595.59,575
595.75,575
595.91,575
596.07,575
596.23,575
596.39,575
596.55,575
596.71,574
596.87,574
597.03,574
597.19,574
597.35,574
597.51,575
597.67,575
597.83,575
597.99,575
598.15,575
598.32,575
598.47,575
598.63,575
598.79,575
598.96,575
599.11,574
599.27,574
599.43,574
599.59,574
599.75,574
599.91,575
600.08,575
600.23,575
600.39,575
600.55,575
600.72,575
600.88,575
601.03,575
601.19,575
601.35,575
601.52,575
601.67,575
601.83,575
602,575
602.16,575
602.31,575
602.47,575
602.64,575
602.79,575
602.95,575
603.11,575
603.28,575
603.44,575
603.59,575
603.76,575
603.91,575
604.08,575
604.23,574
604.4,574
604.55,574
604.72,574
604.88,574
605.03,574
605.2,574
605.35,574
605.52,574
605.67,574
605.84,574
606,573
606.16,573
606.32,573
606.47,573
606.64,573
606.79,573
606.96,573
607.11,573
607.28,573
607.44,573
607.59,573
607.76,573
607.92,573
608.08,573
608.23,572
608.4,572
608.56,572
608.72,572
608.88,572
609.04,572
609.2,572
609.35,572
609.52,572
609.68,572
609.84,572
610,572
610.16,572
610.32,572
610.48,572
610.64,572
610.8,572
610.96,571
611.12,572
611.28,572
611.44,572
611.6,572
611.76,572
611.91,572
612.08,572
612.24,571
612.4,571
612.56,571
612.72,571
612.88,571
613.04,570
613.2,570
613.36,570
613.52,570
613.68,570
613.84,570
614,570
614.16,570
614.32,570
614.48,570
614.64,570
614.8,570
614.96,570
615.12,570
615.28,570
615.44,569
615.6,569
615.76,570
615.92,569
616.08,570
616.24,570
616.4,570
616.56,570
616.72,570
616.88,570
617.04,570
617.2,570
617.36,570
617.52,570
617.68,570
617.84,570
618,570
618.16,570
618.32,570
618.48,570
618.64,570
618.8,570
618.96,570
619.12,569
619.28,569
619.44,569
619.6,569
619.76,569
619.92,569
620.08,569
620.24,569
620.4,569
620.56,569
620.72,569
620.88,569
621.04,569
621.2,569
621.36,569
621.52,569
621.68,569
621.84,569
622,569
622.16,569
622.32,569
622.48,569
622.64,569
622.8,569
622.96,569
623.12,569
623.28,569
623.44,569
623.6,569
623.76,569
623.92,570
624.08,569
624.24,569
624.4,569
624.56,570
624.72,570
624.88,570
625.04,570
625.2,570
625.36,570
625.52,569
625.68,569
625.84,569
626,569
626.16,569
626.32,570
626.48,570
626.64,570
626.8,569
626.96,570
627.12,569
627.28,569
627.44,569
627.6,569
627.76,569
627.92,568
628.08,568
628.24,568
628.4,568
628.56,568
628.72,568
628.88,568
629.04,568
629.2,568
629.36,568
629.52,568
629.68,568
629.84,569
630,569
630.16,569
630.32,569
630.48,569
630.64,569
630.8,569
630.96,569
631.12,569
631.28,569
631.44,569
631.6,569
631.76,569
631.92,568
632.08,568
632.24,568
632.4,568
632.56,568
632.72,568
632.88,568
633.04,568
633.2,568
633.36,568
633.52,568
633.68,568
633.84,568
634,568
634.16,568
634.32,568
634.48,568
634.64,568
634.8,568
634.96,568
635.12,568
635.28,568
635.44,568
635.6,568
635.76,568
635.92,567
636.08,568
636.24,567
636.4,567
636.56,567
636.72,567
636.88,567
637.04,567
637.2,567
637.36,566
637.52,566
637.68,567
637.84,566
638,566
638.16,566
638.32,566
638.48,567
638.64,566
638.8,566
638.96,566
639.12,566
639.28,566
639.44,566
639.6,566
639.76,566
639.92,566
640.08,566
640.24,566
640.4,566
640.56,566
640.72,566
640.88,566
641.04,566
641.2,566
641.36,566
641.52,566
641.68,566
641.84,566
642,566
642.16,566
642.32,566
642.48,566
642.64,566
642.8,566
642.96,566
643.12,566
643.28,566
643.44,566
643.6,566
643.76,566
643.92,566
644.08,566
644.24,566
644.4,566
644.56,565
644.72,565
644.88,566
645.04,566
645.2,566
645.36,566
645.52,565
645.68,566
645.84,566
646,565
646.16,566
646.32,566
646.48,566
646.64,566
646.8,566
646.96,566
647.12,566
647.28,566
647.44,566
647.6,566
647.76,566
647.92,566
648.08,566
648.24,566
648.4,566
648.56,566
648.72,566
648.88,566
649.04,565
649.2,565
649.36,566
649.52,566
649.68,565
649.84,566
650,565
650.16,565
650.32,565
650.48,565
650.64,565
650.8,565
650.96,565
651.12,565
651.28,565
651.44,565
651.6,565
651.76,565
651.92,565
652.08,565
652.24,565
652.4,565
652.56,565
652.72,565
652.88,565
653.04,565
653.2,565
653.36,565
653.52,565
653.68,565
653.84,565
654,565
654.16,565
654.32,565
654.48,565
654.64,565
654.8,565
654.96,565
655.12,565
655.28,565
655.44,565
655.6,565
655.76,565
655.92,565
656.08,565
656.24,565
656.4,565
656.56,565
656.72,565
656.88,565
657.04,565
657.2,565
657.36,565
657.52,565
657.68,565
657.84,565
658,565
658.16,565
658.32,565
658.48,565
658.64,565
658.8,565
658.96,565
659.12,565
659.28,565
659.44,565
659.6,565
659.76,565
659.92,565
660.08,565
660.24,564
660.4,564
660.56,564
660.72,564
660.88,563
661.04,563
661.2,563
661.36,563
661.52,563
661.68,563
661.84,563
662,563
662.16,563
662.32,564
662.48,563
662.64,563
662.8,564
662.96,564
663.12,563
663.28,563
663.44,563
663.6,563
663.76,563
663.92,563
664.08,563
664.24,563
664.4,563
664.56,564
664.72,563
664.88,563
665.04,564
665.2,563
665.36,563
665.52,563
665.68,563
665.84,563
666,563
666.16,563
666.32,563
666.48,563
666.64,563
666.8,563
666.96,563
667.12,563
667.28,563
667.44,563
667.6,563
667.76,563
667.92,563
668.08,563
668.24,563
668.4,563
668.56,563
668.72,563
668.88,563
669.04,563
669.2,563
669.36,563
669.52,563
669.68,563
669.84,563
670,563
670.16,563
670.32,562
670.48,562
670.64,562
670.8,562
670.96,562
671.12,562
671.28,562
671.44,562
671.6,562
671.76,562
671.92,562
672.08,562
672.24,562
672.4,562
672.56,562
672.72,562
672.88,562
673.04,562
673.2,562
673.36,562
673.52,562
673.68,562
673.84,562
674,562
674.16,562
674.32,562
674.48,562
674.64,562
674.8,562
674.96,562
675.12,562
675.28,561
675.44,561
675.6,561
675.76,562
675.92,561
676.08,561
676.24,561
676.4,561
676.56,561
676.72,561
676.88,561
677.04,561
677.2,561
677.36,561
677.52,561
677.68,561
677.84,561
678,561
678.16,561
678.32,561
678.48,561
678.64,561
678.8,558
678.96,559
679.12,558
679.28,558
679.44,558
679.6,558
679.76,558
679.92,558
680.08,558
680.25,558
680.4,559
680.56,558
680.72,558
680.89,558
681.04,558
681.2,558
681.36,559
681.53,558
681.68,558
681.84,558
682.01,558
682.16,558
682.32,559
682.48,559
682.65,559
682.8,559
682.96,558
683.12,558
683.28,558
683.45,558
683.6,558
683.76,558
683.92,559
684.09,559
684.24,559
684.41,559
684.57,559
684.72,559
684.88,559
685.04,559
685.21,559
685.36,559
685.52,559
685.69,559
685.84,559
686.01,559
686.17,559
686.33,558
686.48,558
686.65,558
686.81,558
686.97,559
687.13,558
687.28,558
687.45,558
687.6,557
687.77,557
687.93,557
688.09,557
688.25,557
688.41,557
688.57,557
688.73,557
688.89,556
689.04,556
689.21,556
689.37,556
689.53,556
689.69,556
689.85,556
690.01,556
690.16,556
690.33,556
690.49,556
690.65,556
690.8,556
690.97,556
691.13,556
691.29,556
691.45,556
691.61,556
691.77,556
691.93,556
692.09,556
692.25,556
692.41,556
692.57,556
692.73,555
692.89,556
693.05,556
693.21,556
693.37,556
693.53,556
693.69,555
693.85,556
694.01,555
694.17,555
694.33,555
694.49,555
694.65,555
694.81,555
694.97,555
695.13,555
695.29,555
695.45,555
695.61,555
695.77,555
695.93,555
696.09,555
696.25,555
696.41,554
696.57,555
696.73,554
696.89,554
697.05,554
697.21,554
697.37,555
697.53,554
697.69,554
697.85,554
698.01,554
698.17,554
698.33,555
698.49,555
698.65,555
698.81,554
698.97,554
699.13,554
699.29,554
699.45,554
699.61,555
699.77,554
699.93,554
700.09,554
700.25,554
700.41,554
700.57,554
700.73,554
700.89,554
701.05,554
701.21,554
701.37,554
701.53,554
701.69,554
701.85,554
702.01,554
702.17,554
702.33,554
702.49,554
702.65,554
702.81,554
702.97,554
703.13,554
703.29,554
703.45,554
703.61,554
703.77,554
703.93,554
704.09,554
704.25,554
704.41,554
704.57,554
704.73,554
704.89,554
705.05,553
705.21,553
705.37,553
705.53,553
705.69,553
705.85,553
706.01,553
706.17,553
706.33,553
706.49,553
706.65,553
706.81,553
706.97,554
707.13,553
707.29,554
707.45,553
707.61,553
707.77,553
707.93,553
708.09,553
708.25,553
708.41,553
708.57,553
708.73,553
708.89,553
709.05,553
709.21,553
709.37,553
709.53,554
709.69,554
709.85,553
710.01,553
710.17,553
710.33,554
710.49,553
710.65,553
710.81,553
710.97,554
711.13,553
711.29,553
711.45,553
711.61,553
711.77,553
711.93,553
712.09,553
712.25,553
712.41,553
712.57,553
712.73,553
712.89,553
713.05,553
713.21,553
713.37,553
713.53,553
713.69,553
713.85,553
714.01,553
714.17,553
714.33,553
714.49,553
714.65,553
714.81,553
714.97,552
715.13,552
715.29,552
715.45,552
715.61,552
715.77,552
715.93,552
716.09,552
716.25,552
716.41,552
716.57,552
716.73,552
716.89,552
717.05,552
717.21,552
717.37,552
717.53,552
717.69,552
717.85,552
718.01,552
718.17,552
718.33,552
718.49,552
718.65,552
718.81,552
718.97,552
719.13,552
719.29,552
719.45,553
719.61,552
719.77,552
719.93,552
720.09,552
720.25,552
720.41,552
720.57,552
720.73,552
720.89,552
721.05,552
721.21,552
721.37,552
721.53,552
721.69,552
721.85,552
722.01,552
722.17,552
722.33,552
722.49,552
722.65,552
722.81,552
722.97,552
723.13,552
723.29,552
723.45,552
723.61,552
723.77,552
723.93,552
724.09,552
724.25,552
724.41,552
724.57,552
724.73,552
724.89,552
725.05,552
725.21,552
725.37,551
725.53,551
725.69,551
725.85,551
726.01,551
726.17,551
726.33,551
726.49,551
726.65,551
726.81,551
726.97,551
727.13,551
727.29,551
727.45,551
727.61,551
727.77,551
727.93,551
728.09,551
728.25,551
728.41,551
728.57,551
728.73,551
728.89,551
729.05,551
729.21,551
729.37,551
729.53,551
729.69,551
729.85,551
730.01,551
730.17,551
730.33,551
730.49,551
730.65,551
730.81,551
730.97,551
731.13,551
731.29,551
731.45,551
731.61,551
731.77,551
731.93,551
732.09,551
732.25,551
732.41,551
732.57,551
732.73,551
732.89,551
733.05,551
733.21,551
733.37,551
733.53,551
733.69,551
733.85,551
734.01,551
734.17,551
734.33,551
734.49,551
734.65,551
734.81,551
734.97,551
735.13,550
735.29,550
735.45,550
735.61,550
735.77,550
735.93,550
736.09,550
736.25,550
736.41,550
736.57,550
736.73,550
736.89,549
737.05,549
737.21,549
737.37,549
737.53,549
737.69,549
737.85,549
738.01,549
738.17,549
738.33,549
738.49,549
738.65,549
738.81,549
738.97,549
739.13,549
739.29,549
739.45,549
739.61,549
739.77,549
739.93,549
740.09,549
740.25,549
740.41,549
740.57,549
740.73,549
740.89,549
741.05,549
741.21,549
741.37,549
741.53,549
741.69,549
741.85,549
742.01,549
742.17,549
742.33,549
742.49,549
742.65,548
742.81,549
742.97,548
743.13,548
743.29,548
743.45,548
743.61,548
743.77,548
743.93,547
744.09,548
744.25,547
744.41,547
744.57,547
744.73,547
744.89,547
745.05,547
745.21,547
745.37,547
745.53,547
745.69,547
745.85,547
746.01,547
746.17,547
746.33,547
746.49,547
746.65,547
746.81,548
746.97,548
747.13,548
747.29,548
747.45,548
747.61,549
747.77,549
747.93,549
748.09,549
748.25,549
748.41,549
748.57,549
748.73,549
748.89,549
749.05,549
749.21,549
749.37,549
749.53,549
749.69,549
749.85,549
750.01,549
750.17,548
750.33,548
750.49,548
750.65,547
750.81,547
750.97,547
751.13,547
751.29,547
751.45,547
751.61,547
751.77,547
751.93,547
752.09,547
752.25,547
752.41,547
752.57,547
752.73,547
752.89,547
753.05,547
753.21,547
753.37,547
753.53,547
753.69,547
753.85,547
754.01,547
754.17,547
754.33,547
754.49,547
754.65,547
754.81,547
754.97,547
755.13,547
755.29,547
755.45,547
755.61,547
755.77,547
755.93,547
756.09,547
756.25,546
756.41,547
756.57,547
756.73,547
756.89,547
757.05,547
757.21,547
757.37,547
757.53,547
757.69,547
757.85,547
758.01,547
758.17,547
758.33,547
758.49,547
758.65,547
758.81,547
758.97,547
759.13,547
759.29,547
759.45,547
759.61,547
759.78,547
759.93,547
760.09,546
760.25,546
760.41,546
760.57,546
760.73,546
760.89,546
761.05,546
761.21,546
761.37,546
761.53,546
761.7,546
761.85,546
762.01,546
762.17,546
762.34,545
762.49,545
762.65,545
762.82,545
762.97,545
763.13,545
763.29,545
763.46,545
763.61,545
763.77,545
763.94,545
764.09,545
764.26,545
764.41,545
764.58,544
764.73,544
764.9,545
765.05,544
765.22,544
765.38,544
765.53,544
765.69,544
765.85,544
766.02,544
766.17,544
766.34,544
766.5,544
766.66,544
766.82,544
766.98,544
767.14,544
767.29,544
767.46,544
767.62,544
767.78,544
767.94,544
768.1,544
768.26,544
768.41,544
768.58,544
768.74,544
768.9,544
769.05,544
769.22,544
769.38,544
769.54,544
769.7,544
769.86,544
770.02,544
770.18,544
770.34,544
770.5,544
770.66,544
770.82,544
770.97,544
771.14,544
771.3,544
771.46,544
771.61,544
771.78,544
771.94,544
772.1,544
772.26,544
772.42,544
772.58,544
772.74,544
772.9,544
773.06,544
773.22,544
773.38,544
773.54,544
773.7,544
773.86,544
774.02,544
774.18,544
774.34,544
774.5,544
774.66,544
774.82,544
774.98,544
775.14,544
775.3,544
775.46,544
775.62,544
775.78,544
775.94,544
776.1,544
776.26,544
776.42,544
776.58,544
776.74,544
776.9,544
777.06,544
777.22,544
777.38,544
777.54,544
777.7,544
777.86,544
778.02,544
778.18,544
778.34,544
778.5,544
778.66,544
778.82,544
778.98,544
779.14,544
779.3,544
779.46,544
779.62,544
779.78,544
779.94,544
780.1,544
780.26,544
780.42,544
780.58,544
780.74,544
780.9,544
781.06,544
781.22,543
781.38,544
781.54,544
781.7,544
781.86,544
782.02,544
782.18,544
782.34,544
782.5,544
782.66,544
782.82,544
782.98,543
783.14,544
783.3,543
783.46,543
783.62,543
783.78,544
783.94,544
784.1,544
784.26,544
784.42,544
784.58,544
784.74,544
784.9,544
785.06,544
785.22,544
785.38,544
785.54,544
785.7,544
785.86,543
786.02,543
786.18,543
786.34,543
786.5,543
786.66,543
786.82,543
786.98,543
787.14,543
787.3,543
787.46,543
787.62,543
787.78,543
787.94,543
788.1,543
788.26,543
788.42,543
788.58,543
788.74,543
788.9,543
789.06,543
789.22,543
789.38,543
789.54,543
789.7,543
789.86,543
790.02,543
790.18,543
790.34,543
790.5,543
790.66,543
790.82,543
790.98,543
791.14,543
791.3,543
791.46,543
791.62,543
791.78,543
791.94,543
792.1,543
792.26,543
792.42,543
792.58,543
792.74,543
792.9,543
793.06,543
793.22,543
793.38,543
793.54,543
793.7,543
793.86,543
794.02,543
794.18,543
794.34,542
794.5,542
794.66,542
794.82,542
794.98,542
795.14,542
795.3,542
795.46,543
795.62,543
795.78,543
795.94,543
796.1,542
796.26,542
796.42,542
796.58,542
796.74,542
796.9,542
797.06,542
797.22,542
797.38,542
797.54,542
797.7,542
797.86,542
798.02,542
798.18,542
798.34,542
798.5,542
798.66,543
798.82,543
798.98,543
799.14,542
799.3,542
799.46,542
799.62,542
799.78,543
799.94,542
800.1,542
800.26,541
800.42,541
800.58,541
800.74,541
800.9,541
801.06,541
801.22,541
801.38,541
801.54,541
801.7,541
801.86,541
802.02,541
802.18,541
802.34,541
802.5,541
802.66,541
802.82,541
802.98,541
803.14,541
803.3,542
803.46,541
803.62,541
803.78,541
803.94,541
804.1,541
804.26,541
804.42,541
804.58,541
804.74,541
804.9,541
805.06,541
805.22,541
805.38,541
805.54,541
805.7,541
805.86,541
806.02,541
806.18,541
806.34,541
806.5,541
806.66,541
806.82,541
806.98,541
807.14,541
807.3,541
807.46,541
807.62,541
807.78,541
807.94,541
808.1,541
808.26,541
808.42,541
808.58,541
808.74,541
808.9,541
809.06,541
809.22,541
809.38,541
809.54,541
809.7,541
809.86,541
810.02,541
810.18,541
810.34,540
810.5,541
810.66,540
810.82,541
810.98,540
811.14,540
811.3,541
811.46,540
811.62,540
811.78,540
811.94,540
812.1,540
812.26,540
812.42,540
812.58,540
812.74,540
812.9,540
813.06,540
813.22,539
813.38,540
813.54,539
813.7,539
813.86,539
814.02,539
814.18,539
814.34,539
814.5,539
814.66,539
814.82,539
814.98,539
815.14,539
815.3,539
815.46,539
815.62,539
815.78,539
815.94,539
816.1,539
816.26,539
816.42,539
816.58,539
816.74,539
816.9,539
817.06,539
817.22,539
817.38,539
817.54,539
817.7,539
817.86,539
818.02,539
818.18,539
818.34,539
818.5,539
818.66,539
818.82,539
818.98,539
819.14,539
819.3,539
819.46,539
819.62,539
819.78,539
819.94,539
820.1,539
820.26,539
820.42,539
820.58,539
820.74,536
820.9,536
821.06,535
821.22,536
821.38,535
821.54,535
821.7,535
821.86,535
822.02,535
822.18,535
822.34,535
822.5,535
822.66,535
822.82,535
822.98,535
823.14,535
823.3,535
823.46,535
823.62,535
823.78,535
823.94,535
824.1,535
824.26,535
824.42,535
824.58,535
824.74,535
824.9,535
825.06,535
825.22,535
825.38,535
825.54,535
825.7,535
825.86,535
826.02,535
826.18,535
826.34,535
826.5,535
826.66,535
826.82,535
826.98,535
827.14,535
827.3,535
827.46,535
827.62,535
827.78,535
827.94,535
828.1,535
828.26,535
828.42,535
828.58,535
828.74,535
828.9,535
829.06,535
829.22,534
829.38,535
829.54,534
829.7,535
829.86,534
830.02,534
830.18,534
830.34,534
830.5,534
830.66,534
830.82,534
830.98,534
831.14,534
831.3,534
831.46,534
831.62,534
831.78,534
831.94,534
832.1,534
832.26,534
832.42,534
832.58,534
832.74,534
832.9,534
833.06,534
833.22,534
833.38,534
833.54,534
833.7,534
833.86,534
834.02,534
834.18,534
834.34,534
834.5,534
834.66,534
834.82,534
834.98,534
835.14,534
835.3,533
835.46,533
835.62,533
835.78,533
835.94,533
836.1,533
836.26,533
836.42,533
836.58,533
836.74,533
836.9,533
837.06,533
837.22,533
837.38,533
837.54,533
837.7,533
837.86,533
838.02,533
838.18,532
838.34,533
838.5,533
838.66,533
838.82,533
838.98,533
839.14,533
839.3,533
839.46,533
839.62,533
839.78,533
839.95,533
840.1,533
840.26,533
840.42,533
840.59,533
840.74,533
840.9,533
841.06,533
841.22,533
841.38,533
841.54,533
841.71,533
841.86,533
842.02,533
842.18,533
842.34,533
842.51,533
842.66,533
842.82,533
842.98,533
843.15,533
843.3,533
843.46,533
843.63,533
843.78,533
843.94,533
844.1,533
844.27,533
844.42,533
844.58,533
844.75,533
844.91,533
845.07,533
845.22,533
845.39,533
845.54,533
845.71,533
845.86,533
846.03,533
846.19,533
846.34,533
846.51,533
846.66,533
846.83,533
846.98,533
847.15,533
847.3,533
847.47,533
847.63,533
847.78,533
847.95,533
848.1,533
848.27,533
848.42,533
848.59,533
848.75,533
848.91,533
849.07,533
849.22,533
849.39,533
849.55,533
849.71,533
849.86,532
850.03,532
850.19,532
850.34,532
850.51,532
850.67,532
850.83,532
850.98,532
851.15,532
851.31,532
851.47,532
851.63,532
851.79,532
851.95,532
852.11,532
852.27,532
852.43,532
852.59,532
852.75,532
852.91,532
853.07,532
853.23,532
853.39,532
853.54,532
853.71,532
853.87,531
854.03,531
854.19,531
854.35,531
854.51,531
854.67,531
854.83,531
854.99,531
855.15,531
855.31,531
855.47,531
855.63,531
855.79,531
855.95,531
856.11,531
856.27,531
856.43,531
856.59,531
856.75,531
856.91,532
857.07,531
857.23,531
857.39,531
857.55,531
857.71,531
857.87,531
858.03,531
858.19,531
858.35,531
858.51,531
858.67,531
858.83,531
858.99,531
859.15,531
859.31,531
859.47,531
859.63,531
859.79,531
859.95,531
860.11,531
860.27,531
860.43,531
860.59,531
860.75,531
860.91,531
861.07,531
861.23,531
861.39,531
861.55,531
861.71,531
861.87,531
862.03,531
862.19,531
862.35,531
862.51,531
862.67,531
862.83,531
862.99,531
863.15,531
863.31,531
863.47,531
863.63,531
863.79,531
863.95,531
864.11,531
864.27,531
864.43,531
864.59,531
864.75,530
864.91,530
865.07,530
865.23,529
865.39,530
865.55,529
865.71,529
865.87,529
866.03,529
866.19,529
866.35,529
866.51,529
866.67,529
866.83,529
866.99,529
867.15,529
867.31,529
867.47,529
867.63,529
867.79,529
867.95,529
868.11,529
868.27,529
868.43,529
868.59,529
868.75,529
868.91,529
869.07,529
869.23,529
869.39,529
869.55,529
869.71,529
869.87,529
870.03,529
870.19,529
870.35,529
870.51,529
870.67,529
870.83,529
870.99,529
871.15,529
871.31,529
871.47,529
871.63,529
871.79,529
871.95,529
872.11,529
872.27,529
872.43,529
872.59,529
872.75,529
872.91,529
873.07,529
873.23,529
873.39,529
873.55,529
873.71,529
873.87,529
874.03,529
874.19,529
874.35,529
874.51,529
874.67,529
874.83,529
874.99,529
875.15,529
875.31,529
875.47,529
875.63,529
875.79,529
875.95,529
876.11,529
876.27,528
876.43,529
876.59,528
876.75,529
876.91,528
877.07,528
877.23,528
877.39,528
877.55,528
877.71,528
877.87,528
878.03,528
878.19,528
878.35,528
878.51,528
878.67,528
878.83,528
878.99,528
879.15,528
879.31,528
879.47,528
879.63,528
879.79,528
879.95,528
880.11,528
880.27,528
880.43,528
880.59,528
880.75,528
880.91,528
881.07,528
881.23,528
881.39,528
881.55,528
881.71,528
881.87,528
882.03,528
882.19,528
882.35,528
882.51,528
882.67,528
882.83,528
882.99,528
883.15,528
883.31,528
883.47,528
883.63,528
883.79,528
883.95,528
884.11,528
884.27,528
884.43,528
884.59,528
884.75,528
884.91,528
885.07,528
885.23,528
885.39,528
885.55,528
885.71,528
885.87,528
886.03,528
886.19,528
886.35,528
886.51,528
886.67,528
886.83,528
886.99,528
887.15,528
887.31,528
887.47,528
887.63,528
887.79,528
887.95,528
888.11,527
888.27,528
888.43,528
888.59,528
888.75,527
888.91,527
889.07,526
889.23,526
889.39,526
889.55,526
889.71,526
889.87,526
890.03,526
890.19,526
890.35,526
890.51,526
890.67,526
890.83,526
890.99,526
891.15,526
891.31,526
891.47,525
891.63,525
891.79,524
891.95,525
892.11,524
892.27,524
892.43,524
892.59,524
892.75,525
892.91,525
893.07,525
893.23,524
893.39,524
893.55,524
893.71,524
893.87,524
894.03,524
894.19,524
894.35,524
894.51,524
894.67,524
894.83,524
894.99,524
895.15,524
895.31,524
895.47,524
895.63,524
895.79,524
895.95,524
896.11,524
896.27,524
896.43,524
896.59,524
896.75,524
896.91,524
897.07,524
897.23,524
897.39,524
897.55,524
897.71,524
897.87,524
898.03,524
898.19,524
898.35,524
898.51,524
898.67,524
898.83,524
898.99,524
899.15,524
899.31,524
899.47,524
899.63,524
899.79,524
899.95,523
900.11,522
900.27,522
900.43,522
900.59,522
900.75,522
900.91,522
901.07,522
901.23,522
901.39,522
901.55,522
901.71,522
901.87,522
902.03,522
902.19,522
902.35,522
902.51,522
902.67,522
902.83,522
902.99,522
903.15,522
903.31,522
903.47,522
903.63,522
903.79,522
903.95,522
904.11,522
904.27,522
904.43,522
904.59,522
904.75,522
904.91,522
905.07,522
905.23,522
905.39,522
905.55,521
905.71,521
905.87,521
906.03,521
906.19,521
906.35,521
906.51,521
906.67,521
906.83,521
906.99,521
907.15,521
907.31,521
907.47,521
907.63,521
907.79,521
907.95,521
908.11,521
908.27,521
908.43,521
908.59,521
908.75,521
908.91,521
909.07,521
909.23,521
909.39,520
909.55,520
909.71,520
909.87,520
910.03,520
910.19,520
910.35,520
910.51,520
910.67,520
910.83,520
910.99,520
911.15,520
911.31,520
911.47,520
911.63,520
911.79,520
911.95,520
912.11,520
912.27,520
912.43,520
912.59,520
912.75,520
912.91,520
913.07,520
913.23,520
913.39,520
913.55,520
913.71,520
913.87,520
914.03,520
914.19,520
914.35,520
914.51,520
914.67,520
914.83,520
914.99,519
915.15,520
915.31,519
915.47,520
915.63,519
915.79,520
915.95,519
916.11,520
916.27,519
916.43,519
916.59,519
916.75,519
916.91,519
917.07,519
917.23,519
917.39,519
917.55,519
917.71,519
917.87,519
918.03,519
918.19,519
918.35,519
918.51,519
918.67,519
918.83,519
918.99,519
919.15,519
919.31,519
919.47,519
919.63,519
919.79,519
919.95,519
920.11,519
920.27,519
920.43,519
920.59,519
920.76,519
920.91,519
921.07,519
921.23,519
921.4,519
921.55,519
921.71,519
921.88,519
922.03,519
922.19,519
922.35,519
922.52,519
922.67,519
922.83,519
922.99,518
923.16,518
923.32,518
923.47,518
923.64,518
923.79,519
923.96,518
924.11,518
924.28,518
924.44,518
924.59,518
924.75,519
924.91,518
925.08,518
925.23,518
925.39,519
925.55,518
925.72,518
925.88,518
926.03,518
926.2,518
926.35,518
926.52,518
926.67,518
926.84,519
927,519
927.16,519
927.32,519
927.47,518
927.64,518
927.8,519
927.96,518
928.11,519
928.28,519
928.44,519
928.59,519
928.76,519
928.91,518
929.08,519
929.23,519
929.4,518
929.55,519
929.72,518
929.88,519
930.03,518
930.2,518
930.36,519
930.52,519
930.67,519
930.84,519
931,519
931.16,519
931.32,519
931.48,518
931.64,518
931.79,519
931.96,518
932.12,518
932.28,519
932.44,518
932.6,519
932.76,518
932.92,518
933.08,518
933.24,518
933.4,518
933.56,518
933.72,518
933.88,519
934.04,518
934.2,518
934.36,518
934.52,518
934.68,518
934.84,518
935,518
935.16,518
935.32,518
935.48,518
935.64,518
935.8,518
935.96,518
936.12,518
936.28,518
936.44,518
936.6,518
936.76,518
936.92,518
937.08,518
937.24,518
937.4,518
937.56,518
937.72,518
937.88,518
938.04,518
938.2,518
938.36,518
938.52,518
938.68,518
938.84,518
939,518
939.16,518
939.32,518
939.48,518
939.64,518
939.8,518
939.96,518
940.12,518
940.28,518
940.44,518
940.6,518
940.76,518
940.92,518
941.08,518
941.24,518
941.4,518
941.56,518
941.72,518
941.88,518
942.04,518
942.2,518
942.36,518
942.52,518
942.68,518
942.84,518
943,518
943.16,518
943.32,518
943.48,518
943.64,518
943.8,518
943.96,518
944.12,518
944.28,518
944.44,518
944.6,518
944.76,518
944.92,518
945.08,518
945.24,518
945.4,518
945.56,518
945.72,518
945.88,518
946.04,518
946.2,518
946.36,518
946.52,518
946.68,518
946.84,518
947,518
947.16,518
947.32,518
947.48,518
947.64,518
947.8,518
947.96,518
948.12,518
948.28,518
948.44,518
948.6,518
948.76,518
948.92,518
949.08,518
949.24,518
949.4,518
949.56,518
949.72,518
949.88,518
950.04,518
950.2,518
950.36,518
950.52,518
950.68,518
950.84,518
951,518
951.16,518
951.32,518
951.48,518
951.64,518
951.8,518
951.96,518
952.12,518
952.28,518
952.44,518
952.6,518
952.76,518
952.92,518
953.08,518
953.24,518
953.4,518
953.56,518
953.72,518
953.88,518
954.04,518
954.2,518
954.36,518
954.52,518
954.68,518
954.84,518
955,518
955.16,518
955.32,518
955.48,518
955.64,518
955.8,518
955.96,518
956.12,518
956.28,518
956.44,518
956.6,518
956.76,518
956.92,518
957.08,518
957.24,518
957.4,518
957.56,518
957.72,518
957.88,518
958.04,518
958.2,518
958.36,518
958.52,518
958.68,518
958.84,518
959,518
959.16,518
959.32,518
959.48,518
959.64,518
959.8,518
959.96,518
960.12,518
960.28,518
960.44,518
960.6,518
960.76,518
960.92,518
961.08,518
961.24,518
961.4,518
961.56,518
961.72,518
961.88,518
962.04,518
962.2,518
962.36,518
962.52,518
962.68,518
962.84,518
963,518
963.16,518
963.32,518
963.48,518
963.64,518
963.8,518
963.96,518
964.12,518
964.28,517
964.44,518
964.6,517
964.76,517
964.92,517
965.08,517
965.24,517
965.4,517
965.56,517
965.72,517
965.88,517
966.04,517
966.2,517
966.36,517
966.52,517
966.68,517
966.84,517
967,517
967.16,517
967.32,517
967.48,517
967.64,517
967.8,517
967.96,517
968.12,517
968.28,517
968.44,517
968.6,517
968.76,517
968.92,517
969.08,517
969.24,517
969.4,517
969.56,517
969.72,517
969.88,517
970.04,517
970.2,517
970.36,517
970.52,517
970.68,517
970.84,517
971,517
971.16,517
971.32,517
971.48,517
971.64,517
971.8,517
971.96,517
972.12,517
972.28,517
972.44,517
972.6,517
972.76,517
972.92,517
973.08,517
973.24,517
973.4,517
973.56,517
973.72,517
973.88,517
974.04,517
974.2,517
974.36,517
974.52,517
974.68,517
974.84,515
975,515
975.16,515
975.32,515
975.48,515
975.64,515
975.8,515
975.96,515
976.12,515
976.28,515
976.44,515
976.6,515
976.76,515
976.92,515
977.08,515
977.24,515
977.4,515
977.56,515
977.72,515
977.88,515
978.04,515
978.2,515
978.36,516
978.52,515
978.68,515
978.84,516
979,515
979.16,516
979.32,515
979.48,516
979.64,515
979.8,516
979.96,516
980.12,516
980.28,515
980.44,516
980.6,515
980.76,516
980.92,515
981.08,515
981.24,516
981.4,515
981.56,516
981.72,515
981.88,515
982.04,515
982.2,515
982.36,515
982.52,515
982.68,515
982.84,515
983,515
983.16,515
983.32,515
983.48,515
983.64,515
983.8,515
983.96,515
984.12,515
984.28,515
984.44,515
984.6,515
984.76,515
984.92,515
985.08,515
985.24,515
985.4,515
985.56,515
985.72,514
985.88,513
986.04,513
986.2,513
986.36,513
986.52,513
986.68,513
986.84,513
987,513
987.16,514
987.32,514
987.48,514
987.64,514
987.8,514
987.96,514
988.12,514
988.28,514
988.44,515
988.6,514
988.76,515
988.92,514
989.08,514
989.24,514
989.4,515
989.56,514
989.72,514
989.88,514
990.04,514
990.2,514
990.36,513
990.52,513
990.68,513
990.84,513
991,513
991.16,513
991.32,513
991.48,513
991.64,513
991.8,513
991.96,513
992.12,513
992.28,513
992.44,513
992.6,513
992.76,513
992.92,513
993.08,513
993.24,513
993.4,513
993.56,513
993.72,513
993.88,513
994.04,513
994.2,513
994.36,513
994.52,513
994.68,513
994.84,513
995,513
995.16,513
995.32,512
995.48,513
995.64,512
995.8,512
995.96,512
996.12,513
996.28,512
996.44,512
996.6,512
996.76,513
996.92,512
997.08,512
997.24,512
997.4,512
997.56,512
997.72,513
997.88,513
998.04,513
998.2,513
998.36,512
998.52,512
998.68,512
998.84,511
999,511
999.16,511
999.32,511
999.48,511
999.65,511
999.8,511
999.96,511
1000.12,511
1000.3,511
1000.47,510
1000.64,511
1000.82,511
1000.99,510
1001.16,511
1001.34,511
1001.51,510
1001.68,510
1001.86,510
1002.03,510
1002.21,510
1002.38,510
1002.55,510
1002.72,510
1002.9,510
1003.07,510
1003.25,510
1003.42,510
1003.59,510
1003.76,510
1003.94,510
1004.11,510
1004.28,510
1004.46,510
1004.63,510
1004.8,510
1004.98,510
1005.15,510
1005.33,510
1005.5,510
1005.67,510
1005.84,510
1006.02,510
1006.19,510
1006.36,510
1006.54,510
1006.71,510
1006.89,510
1007.06,509
1007.23,509
1007.41,510
1007.58,510
1007.75,510
1007.93,510
1008.1,510
1008.27,509
1008.45,509
1008.62,510
1008.79,510
1008.97,510
1009.14,510
1009.31,509
1009.48,509
1009.66,510
1009.83,509
1010.01,510
1010.18,510
1010.35,510
1010.53,510
1010.7,509
1010.87,509
1011.05,509
1011.22,509
1011.39,509
1011.57,509
1011.74,509
1011.91,509
1012.09,509
1012.26,509
1012.43,509
1012.6,509
1012.78,509
1012.95,509
1013.13,509
1013.3,509
1013.47,509
1013.65,509
1013.82,509
1013.99,509
1014.17,509
1014.34,509
1014.51,509
1014.69,509
1014.86,509
1015.03,509
1015.21,509
1015.38,509
1015.55,509
1015.73,509
1015.9,508
1016.07,508
1016.25,508
1016.42,508
1016.59,508
1016.77,508
1016.94,508
1017.11,508
1017.29,508
1017.46,508
1017.63,508
1017.81,508
1017.98,508
1018.15,508
1018.33,508
1018.5,508
1018.67,508
1018.85,508
1019.02,508
1019.19,508
1019.37,508
1019.54,508
1019.71,508
1019.89,508
1020.06,508
1020.23,508
1020.41,508
1020.58,508
1020.75,508
1020.93,508
1021.1,508
1021.27,508
1021.45,508
1021.62,508
1021.79,508
1021.97,508
1022.14,508
1022.31,508
1022.49,508
1022.66,508
1022.83,508
1023.01,508
1023.18,508
1023.35,508
1023.53,508
1023.7,508
1023.87,508
1024.05,508
1024.22,508
1024.39,508
1024.57,508
1024.74,508
1024.91,508
1025.09,508
1025.26,508
1025.43,508
1025.61,508
1025.78,508
1025.95,508
1026.13,508
1026.3,508
1026.47,508
1026.65,508
1026.82,508
1027,508
1027.17,508
1027.34,508
1027.51,508
1027.69,508
1027.86,508
1028.03,508
1028.21,508
1028.38,508
1028.55,508
1028.73,508
1028.9,508
1029.07,508
1029.25,508
1029.42,508
1029.59,508
1029.77,508
1029.94,508
1030.11,508
1030.29,508
1030.46,508
1030.64,508
1030.81,508
1030.98,508
1031.16,508
1031.33,508
1031.5,508
1031.68,508
1031.85,508
1032.02,508
1032.19,508
1032.37,508
1032.54,507
1032.71,508
1032.89,508
1033.06,508
1033.23,508
1033.41,508
1033.58,508
1033.76,508
1033.93,508
1034.1,508
1034.28,508
1034.45,508
1034.62,507
1034.8,508
1034.97,508
1035.14,507
1035.32,508
1035.49,508
1035.66,508
1035.84,508
1036.01,508
1036.18,508
1036.35,508
1036.53,508
1036.7,508
1036.88,508
1037.05,508
1037.22,508
1037.4,508
1037.57,508
1037.74,508
1037.92,508
1038.09,508
1038.26,508
1038.44,508
1038.61,508
1038.78,508
1038.96,508
1039.13,508
1039.3,508
1039.48,508
1039.65,508
1039.82,508
1040,508
1040.17,508
1040.34,508
1040.52,508
1040.69,508
1040.86,508
1041.04,508
1041.21,508
1041.38,508
1041.56,508
1041.73,507
1041.9,508
1042.08,508
1042.25,508
1042.42,508
1042.6,508
1042.77,508
1042.94,508
1043.12,507
1043.29,508
1043.46,508
1043.64,508
1043.81,508
1043.98,508
1044.16,508
1044.33,508
1044.5,508
1044.68,508
1044.85,508
1045.02,508
1045.2,508
1045.37,508
1045.54,508
1045.72,508
1045.89,508
1046.06,508
1046.24,508
1046.41,508
1046.58,507
1046.76,508
1046.93,508
1047.1,508
1047.28,508
1047.45,508
1047.62,508
1047.8,508
1047.97,508
1048.14,508
1048.32,507
1048.49,508
1048.66,508
1048.84,508
1049.01,508
1049.18,508
1049.36,508
1049.53,508
1049.7,507
1049.88,508
1050.05,508
1050.22,508
1050.4,508
1050.57,508
1050.74,508
1050.92,508
1051.09,508
1051.27,508
1051.44,507
1051.61,508
1051.78,508
1051.96,508
1052.13,508
1052.3,508
1052.48,508
1052.65,508
1052.82,508
1053,508
1053.17,508
1053.34,508
1053.52,508
1053.69,508
1053.86,508
1054.04,508
1054.21,508
1054.39,508
1054.56,508
1054.73,508
1054.91,508
1055.08,508
1055.25,508
1055.43,508
1055.6,508
1055.77,508
1055.94,508
1056.12,508
1056.29,508
1056.46,508
1056.64,508
1056.81,508
1056.98,508
1057.16,508
1057.33,508
1057.51,508
1057.68,508
1057.85,508
1058.03,508
1058.2,508
1058.37,508
1058.55,507
1058.72,508
1058.89,508
1059.06,508
1059.24,508
1059.41,508
1059.59,508
1059.76,508
1059.93,508
1060.1,507
1060.28,508
1060.45,508
1060.63,508
1060.8,508
1060.97,508
1061.15,508
1061.32,508
1061.49,508
1061.67,508
1061.84,508
1062.01,508
1062.19,508
1062.36,508
1062.53,508
1062.71,508
1062.88,508
1063.05,508
1063.23,508
1063.4,508
1063.57,508
1063.75,508
1063.92,508
1064.09,508
1064.27,508
1064.44,508
1064.61,508
1064.79,508
1064.96,508
1065.13,508
1065.31,508
1065.48,508
1065.65,508
1065.83,508
1066,508
1066.17,508
1066.35,508
1066.52,508
1066.69,508
1066.87,508
1067.04,508
1067.21,508
1067.39,508
1067.56,508
1067.73,507
1067.91,508
1068.08,508
1068.25,508
1068.43,508
1068.6,508
1068.77,508
1068.95,508
1069.12,508
1069.29,508
1069.47,508
1069.64,508
1069.81,508
1069.99,508
1070.16,508
1070.33,508
1070.51,508
1070.68,508
1070.85,508
1071.03,508
1071.2,508
1071.37,508
1071.55,508
1071.72,507
1071.89,508
1072.07,508
1072.24,508
1072.41,508
1072.59,508
1072.76,508
1072.93,508
1073.11,508
1073.28,508
1073.45,508
1073.63,508
1073.8,508
1073.97,508
1074.15,508
1074.32,508
1074.49,508
1074.67,508
1074.84,508
1075.01,508
1075.19,508
1075.36,508
1075.53,508
1075.71,508
1075.88,508
1076.05,508
1076.23,507
1076.4,508
1076.57,508
1076.75,508
1076.92,508
1077.09,508
1077.27,508
1077.44,508
1077.61,507
1077.79,508
1077.96,508
1078.13,508
1078.31,508
1078.48,508
1078.65,508
1078.83,508
1079,508
1079.18,508
1079.35,507
1079.52,508
1079.69,508
1079.87,508
1080.04,508
1080.21,508
1080.39,508
1080.56,508
1080.73,508
1080.91,508
1081.08,507
1081.25,508
1081.43,508
1081.6,507
1081.78,508
1081.95,508
1082.12,507
1082.3,508
1082.47,508
1082.64,508
1082.81,508
1082.99,508
1083.16,508
1083.33,508
1083.51,508
1083.68,508
1083.85,508
1084.03,508
1084.2,507
1084.38,508
1084.55,508
1084.72,508
1084.9,508
1085.07,508
1085.24,507
1085.42,508
1085.59,508
1085.76,508
1085.94,508
1086.11,508
1086.28,508
1086.45,508
1086.63,507
1086.8,508
1086.98,508
1087.15,508
1087.32,508
1087.5,508
1087.67,508
1087.84,507
1088.02,508
1088.19,508
1088.36,508
1088.54,508
1088.71,508
1088.88,508
1089.06,508
1089.23,508
1089.4,508
1089.57,508
1089.75,508
1089.92,508
1090.1,508
1090.27,508
1090.44,508
1090.62,508
1090.79,508
1090.96,508
1091.14,508
1091.31,508
1091.48,508
1091.66,508
1091.83,507
1092,508
1092.18,508
1092.35,508
1092.52,508
1092.7,507
1092.87,508
1093.04,508
1093.22,508
1093.39,508
1093.56,508
1093.74,508
1093.91,508
1094.08,508
1094.26,508
1094.43,507
1094.6,508
1094.78,508
1094.95,508
1095.12,508
1095.3,508
1095.47,507
1095.64,508
1095.82,508
1095.99,508
1096.16,508
1096.34,508
1096.51,508
1096.68,508
1096.86,508
1097.03,508
1097.2,507
1097.38,508
1097.55,508
1097.72,508
1097.9,508
1098.07,508
1098.24,508
1098.42,508
1098.59,508
1098.76,508
1098.94,508
1099.11,508
1099.28,508
1099.46,508
1099.63,508
1099.8,508
1099.98,507
1100.15,508
1100.32,508
1100.5,508
1100.67,508
1100.84,508
1101.02,508
1101.19,507
1101.36,508
1101.54,508
1101.71,508
1101.88,508
1102.06,508
1102.23,508
1102.4,508
1102.58,508
1102.75,508
1102.92,508
1103.1,508
1103.27,508
1103.44,508
1103.62,508
1103.79,508
1103.96,508
1104.14,508
1104.31,508
1104.48,508
1104.66,508
1104.83,508
1105,508
1105.18,508
1105.35,507
1105.52,508
1105.7,508
1105.87,508
1106.04,508
1106.22,508
1106.39,508
1106.56,508
1106.74,508
1106.91,508
1107.08,508
1107.26,508
1107.43,508
1107.6,508
1107.78,508
1107.95,508
1108.12,508
1108.3,508
1108.47,508
1108.64,508
1108.82,508
1108.99,507
1109.17,508
1109.34,508
1109.51,508
1109.69,508
1109.86,508
1110.03,508
1110.2,507
1110.38,508
1110.55,508
1110.72,508
1110.9,508
1111.07,508
1111.25,508
1111.42,508
1111.59,508
1111.76,508
1111.94,508
1112.11,508
1112.29,508
1112.46,507
1112.63,508
1112.81,508
1112.98,507
1113.15,508
1113.32,508
1113.5,508
1113.67,508
1113.84,508
1114.02,508
1114.19,507
1114.36,508
1114.54,508
1114.71,507
1114.89,508
1115.06,508
1115.23,508
1115.41,508
1115.58,507
1115.75,508
1115.93,508
1116.1,508
1116.27,508
1116.44,508
1116.62,508
1116.79,508
1116.96,508
1117.14,508
1117.31,508
1117.49,508
1117.66,508
1117.83,508
1118.01,508
1118.18,508
1118.35,508
1118.53,508
1118.7,508
1118.87,508
1119.05,508
1119.22,508
1119.39,508
1119.57,508
1119.74,508
1119.91,508
1120.09,508
1120.26,508
1120.43,508
1120.61,508
1120.78,508
1120.95,508
1121.13,508
1121.3,508
1121.47,508
1121.65,508
1121.82,508
1121.99,508
1122.17,508
1122.34,508
1122.51,508
1122.69,508
1122.86,508
1123.03,508
1123.21,508
1123.38,508
1123.55,508
1123.73,508
1123.9,508
1124.07,508
1124.25,508
1124.42,508
1124.59,508
1124.77,508
1124.94,507
1125.11,508
1125.29,508
1125.46,508
1125.63,508
1125.81,508
1125.98,508
1126.15,508
1126.33,508
1126.5,508
1126.67,507
1126.85,508
1127.02,508
1127.19,508
1127.37,508
1127.54,508
1127.71,508
1127.89,508
1128.06,508
1128.23,508
1128.41,508
1128.58,507
1128.75,508
1128.93,507
1129.1,508
1129.27,508
1129.45,507
1129.62,508
1129.79,508
1129.97,507
1130.14,508
1130.31,508
1130.49,508
1130.66,508
1130.83,508
1131.01,508
1131.18,508
1131.35,508
1131.53,508
1131.7,508
1131.87,508
1132.05,508
1132.22,508
1132.39,508
1132.57,508
1132.74,508
1132.91,508
1133.09,508
1133.26,508
1133.43,508
1133.61,508
1133.78,508
1133.95,507
1134.13,507
1134.3,508
1134.47,508
1134.65,508
1134.82,508
1135,508
1135.17,508
1135.34,508
1135.51,508
1135.69,508
1135.86,508
1136.03,508
1136.21,508
1136.38,508
1136.56,507
1136.73,508
1136.9,508
1137.07,508
1137.25,508
1137.42,508
1137.59,508
1137.77,508
1137.94,507
1138.11,508
1138.29,508
1138.46,508
1138.64,508
1138.81,508
1138.98,508
1139.16,508
1139.33,508
1139.5,508
1139.68,508
1139.85,508
1140.02,508
1140.19,508
1140.37,508
1140.54,508
1140.71,508
1140.89,508
1141.06,507
1141.23,508
1141.41,508
1141.58,508
1141.76,508
1141.93,508
1142.1,508
1142.28,508
1142.45,508
1142.62,508
1142.8,508
1142.97,508
1143.14,508
1143.32,508
1143.49,508
1143.66,508
1143.83,508
1144.01,508
1144.18,508
1144.35,508
1144.53,508
1144.7,508
1144.88,508
1145.05,508
1145.22,508
1145.4,508
1145.57,508
1145.74,508
1145.92,508
1146.09,508
1146.26,508
1146.44,508
1146.61,508
1146.78,508
1146.96,508
1147.13,508
1147.3,507
1147.48,508
1147.65,508
1147.82,508
1148,508
1148.17,508
1148.34,508
1148.52,508
1148.69,507
1148.86,508
1149.04,508
1149.21,508
1149.38,508
1149.56,508
1149.73,507
1149.9,508
1150.08,508
1150.25,508
1150.42,508
1150.6,508
1150.77,508
1150.94,508
1151.12,508
1151.29,508
1151.46,508
1151.64,508
1151.81,508
1151.98,508
1152.16,508
1152.33,508
1152.5,508
1152.68,508
